DB00898,A5X5Y0
DB00231,A8MPY1
DB00546,A8MPY1
DB00690,A8MPY1
DB00801,A8MPY1
DB00829,A8MPY1
DB00842,A8MPY1
DB00897,A8MPY1
DB01215,A8MPY1
DB01558,A8MPY1
DB01559,A8MPY1
DB01588,A8MPY1
DB01589,A8MPY1
DB01595,A8MPY1
DB02594,O00142
DB04485,O00142
DB00308,O00180
DB00908,O00180
DB01708,O00204
DB02789,O00204
DB01183,O00206
DB00157,O00217
DB00515,O00244
DB02772,O00244
DB03127,O00244
DB00514,O00264
DB00540,O00264
DB01104,O00264
DB04216,O00303
DB00201,O00329
DB00201,O00408
DB02315,O00408
DB01064,O00459
DB00126,O00469
DB00157,O00483
DB00316,O00519
DB00599,O00519
DB00121,O00763
DB00173,O00763
DB00139,O14521
DB00756,O14521
DB00157,O14556
DB01593,O14556
DB00157,O14561
DB02379,O14594
DB01593,O14618
DB00445,O14646
DB00561,O14649
DB01159,O14649
DB00738,O14717
DB01752,O14717
DB00171,O14727
DB01356,O14732
DB00495,O14746
DB00139,O14756
DB00186,O14764
DB00189,O14764
DB00228,O14764
DB00231,O14764
DB00273,O14764
DB00292,O14764
DB00312,O14764
DB00349,O14764
DB00371,O14764
DB00402,O14764
DB00404,O14764
DB00475,O14764
DB00543,O14764
DB00546,O14764
DB00555,O14764
DB00659,O14764
DB00690,O14764
DB00753,O14764
DB00794,O14764
DB00801,O14764
DB00818,O14764
DB00829,O14764
DB00842,O14764
DB00897,O14764
DB00898,O14764
DB01028,O14764
DB01043,O14764
DB01068,O14764
DB01159,O14764
DB01189,O14764
DB01205,O14764
DB01215,O14764
DB01236,O14764
DB01437,O14764
DB01558,O14764
DB01559,O14764
DB01588,O14764
DB01589,O14764
DB01595,O14764
DB01708,O14764
DB01956,O14764
DB00480,O14788
DB01593,O14791
DB00126,O14832
DB00159,O14842
DB00143,O14880
DB00244,O14920
DB00795,O14920
DB00945,O14920
DB00995,O14920
DB01169,O14920
DB01942,O14936
DB00122,O14939
DB04272,O14964
DB00233,O15111
DB00244,O15111
DB00795,O15111
DB00143,O15217
DB00157,O15239
DB00114,O15269
DB00114,O15270
DB01593,O15304
DB00119,O15374
DB00119,O15375
DB02546,O15379
DB00289,O15399
DB00312,O15399
DB00418,O15399
DB00454,O15399
DB00659,O15399
DB00874,O15399
DB00996,O15399
DB01043,O15399
DB01173,O15399
DB01174,O15399
DB01520,O15399
DB01708,O15399
DB00119,O15403
DB00119,O15427
DB00171,O15439
DB00139,O15460
DB01436,O15528
DB00228,O15554
DB00257,O15554
DB00468,O15554
DB00721,O15554
DB01110,O15554
DB01159,O15554
DB00755,O43174
DB00157,O43175
DB00157,O43181
DB00199,O43193
DB00153,O43497
DB00347,O43497
DB00381,O43497
DB00421,O43497
DB00568,O43497
DB00593,O43497
DB00661,O43497
DB00909,O43497
DB01388,O43497
DB04841,O43497
DB00321,O43525
DB00586,O43525
DB00939,O43525
DB00321,O43526
DB00586,O43526
DB00939,O43526
DB03088,O43612
DB00157,O43676
DB00157,O43677
DB00157,O43678
DB00171,O43681
DB01863,O43739
DB00131,O43741
DB00945,O43741
DB00166,O43766
DB00583,O43772
DB00157,O43920
DB00605,O60218
DB02021,O60218
DB02383,O60218
DB02379,O60264
DB00145,O60391
DB00289,O60391
DB00312,O60391
DB00418,O60391
DB00659,O60391
DB00874,O60391
DB00996,O60391
DB01043,O60391
DB01159,O60391
DB01173,O60391
DB01174,O60391
DB01520,O60391
DB01708,O60391
DB00159,O60488
DB00197,O60488
DB00412,O60488
DB00200,O60494
DB00428,O60502
DB00141,O60512
DB04315,O60547
DB02180,O60551
DB00126,O60568
DB00139,O60568
DB04824,O60656
DB00201,O60658
DB00119,O60669
DB00157,O60701
DB00171,O60706
DB01016,O60706
DB01103,O60733
DB00143,O60760
DB00162,O60760
DB00755,O60760
DB00152,O60779
DB00153,O60840
DB00243,O60840
DB00381,O60840
DB00393,O60840
DB00421,O60840
DB00568,O60840
DB00661,O60840
DB00825,O60840
DB01388,O60840
DB01497,O60858
DB01548,O60858
DB00786,O60882
DB00141,O60909
DB00138,O60931
DB00313,O60939
DB00909,O60939
DB02325,O60942
DB00157,O75306
DB00145,O75311
DB00431,O75311
DB00466,O75311
DB00602,O75311
DB01956,O75311
DB00157,O75380
DB04272,O75390
DB00157,O75438
DB00239,O75469
DB00252,O75469
DB00255,O75469
DB00257,O75469
DB00312,O75469
DB00421,O75469
DB00431,O75469
DB00499,O75469
DB00503,O75469
DB00530,O75469
DB00531,O75469
DB00532,O75469
DB00564,O75469
DB00675,O75469
DB00682,O75469
DB00754,O75469
DB00783,O75469
DB00834,O75469
DB00849,O75469
DB00977,O75469
DB01026,O75469
DB01039,O75469
DB01045,O75469
DB01068,O75469
DB01110,O75469
DB01115,O75469
DB01127,O75469
DB01138,O75469
DB01174,O75469
DB01181,O75469
DB01220,O75469
DB01229,O75469
DB01234,O75469
DB01248,O75469
DB01393,O75469
DB01645,O75469
DB01708,O75469
DB01892,O75469
DB02709,O75469
DB02789,O75469
DB04216,O75469
DB04468,O75469
DB04824,O75469
DB00157,O75489
DB00909,O75493
DB00114,O75600
DB00145,O75600
DB01593,O75636
DB00143,O75715
DB00825,O75762
DB01744,O75762
DB00116,O75891
DB00181,O75899
DB00996,O75899
DB00786,O75900
DB01094,O75908
DB00162,O75911
DB00126,O75936
DB00139,O75936
DB03796,O76054
DB00583,O76082
DB00201,O76083
DB04216,O94768
DB00157,O94788
DB00162,O94788
DB00755,O94788
DB00114,O94903
DB00204,O95069
DB00157,O95139
DB00157,O95167
DB00157,O95168
DB00157,O95169
DB00157,O95178
DB00153,O95180
DB00270,O95180
DB00381,O95180
DB00421,O95180
DB00568,O95180
DB00909,O95180
DB01023,O95180
DB01054,O95180
DB01115,O95180
DB01118,O95180
DB01244,O95180
DB01388,O95180
DB04841,O95180
DB00157,O95182
DB00162,O95237
DB00458,O95259
DB00637,O95259
DB00201,O95263
DB00898,O95264
DB00988,O95264
DB00157,O95298
DB01136,O95298
DB00157,O95299
DB00171,O95342
DB00845,O95342
DB01016,O95342
DB00114,O95470
DB00171,O95477
DB01016,O95477
DB01599,O95477
DB00157,O95479
DB00159,O95573
DB01106,O95665
DB00255,O95718
DB01645,O95718
DB00399,O95749
DB02552,O95749
DB04714,O95749
DB00040,O95838
DB00132,O95864
DB00143,O95881
DB00119,O95907
DB00114,O95954
DB00116,O95954
DB00157,O96000
DB00157,P00326
DB01213,P00326
DB02249,P00326
DB02659,P00326
DB02757,P00326
DB03226,P00326
DB00157,P00338
DB02701,P00338
DB03940,P00338
DB00157,P00352
DB00162,P00352
DB00755,P00352
DB00157,P00367
DB00756,P00367
DB04137,P00367
DB00157,P00387
DB03147,P00387
DB00143,P00390
DB00157,P00390
DB00262,P00390
DB03147,P00390
DB02659,P00395
DB02659,P00403
DB02659,P00414
DB00360,P00439
DB00368,P00439
DB04400,P00439
DB00988,P00441
DB01064,P00441
DB01593,P00441
DB01629,P00441
DB01373,P00450
DB01592,P00450
DB01593,P00450
DB01839,P00488
DB00242,P00491
DB00900,P00491
DB01667,P00491
DB02377,P00491
DB02857,P00491
DB04076,P00491
DB04335,P00491
DB00993,P00492
DB01033,P00492
DB00114,P00505
DB00171,P00519
DB00619,P00519
DB01254,P00519
DB00281,P00533
DB00317,P00533
DB00530,P00533
DB01259,P00533
DB03496,P00533
DB03796,P00709
DB00006,P00734
DB00170,P00734
DB00278,P00734
DB01123,P00734
DB01593,P00734
DB04786,P00734
DB00056,P00736
DB01593,P00736
DB01593,P00739
DB00170,P00740
DB00170,P00742
DB00569,P00742
DB00015,P00747
DB00031,P00747
DB00302,P00747
DB00513,P00747
DB01593,P00748
DB00594,P00749
DB03127,P00749
DB00513,P00750
DB01088,P00750
DB01593,P00751
DB00212,P00797
DB00350,P00797
DB01844,P00797
DB00783,P00846
DB00232,P00915
DB00273,P00915
DB00310,P00915
DB00311,P00915
DB00381,P00915
DB00423,P00915
DB00436,P00915
DB00606,P00915
DB00703,P00915
DB00819,P00915
DB00869,P00915
DB00880,P00915
DB00909,P00915
DB00999,P00915
DB01021,P00915
DB01119,P00915
DB01144,P00915
DB01194,P00915
DB00232,P00918
DB00273,P00918
DB00311,P00918
DB00391,P00918
DB00436,P00918
DB00482,P00918
DB00580,P00918
DB00606,P00918
DB00695,P00918
DB00703,P00918
DB00819,P00918
DB00869,P00918
DB00880,P00918
DB00909,P00918
DB00999,P00918
DB01021,P00918
DB01119,P00918
DB01144,P00918
DB01194,P00918
DB01942,P00918
DB02679,P00918
DB03385,P00918
DB03904,P00918
DB00171,P00966
DB00407,P01008
DB00569,P01008
DB01593,P01009
DB03345,P01009
DB01593,P01011
DB01593,P01019
DB00515,P01023
DB00626,P01023
DB01593,P01023
DB01593,P01024
DB01593,P01031
DB01593,P01042
DB00852,P01100
DB00945,P01106
DB02210,P01112
DB03226,P01112
DB04137,P01112
DB04315,P01112
DB00707,P01130
DB00364,P01133
DB01162,P01137
DB01407,P01138
DB00107,P01178
DB00836,P01189
DB01497,P01189
DB00191,P01303
DB01593,P01308
DB00608,P01375
DB00668,P01375
DB00852,P01375
DB01041,P01375
DB01296,P01375
DB01407,P01375
DB01411,P01375
DB01427,P01375
DB02325,P01375
DB02379,P01574
DB01250,P01579
DB01296,P01579
DB01017,P01584
DB00004,P01589
DB00041,P01589
DB01593,P01591
DB00098,P01730
DB02073,P02144
DB02379,P02144
DB03385,P02144
DB01593,P02533
DB01593,P02538
DB01593,P02647
DB01593,P02649
DB01593,P02652
DB00015,P02671
DB00031,P02671
DB00364,P02671
DB01593,P02671
DB00364,P02675
DB00364,P02679
DB03796,P02689
DB04224,P02689
DB00674,P02708
DB03945,P02741
DB01593,P02743
DB00056,P02745
DB00056,P02746
DB01593,P02746
DB00056,P02747
DB01593,P02747
DB01593,P02751
DB00755,P02753
DB00276,P02763
DB00281,P02763
DB00396,P02763
DB00477,P02763
DB00975,P02763
DB01041,P02763
DB01593,P02765
DB01593,P02766
DB00276,P02768
DB00493,P02768
DB00545,P02768
DB01045,P02768
DB03255,P02768
DB00515,P02787
DB00677,P02787
DB01370,P02787
DB01592,P02787
DB01593,P02787
DB03040,P02788
DB04743,P02788
DB00893,P02792
DB02285,P02792
DB00893,P02794
DB01592,P02794
DB01593,P02795
DB00170,P02818
DB01022,P02818
DB00255,P03372
DB00269,P03372
DB00286,P03372
DB00294,P03372
DB00304,P03372
DB00367,P03372
DB00396,P03372
DB00431,P03372
DB00481,P03372
DB00539,P03372
DB00603,P03372
DB00624,P03372
DB00648,P03372
DB00655,P03372
DB00675,P03372
DB00756,P03372
DB00783,P03372
DB00823,P03372
DB00841,P03372
DB00882,P03372
DB00890,P03372
DB00947,P03372
DB00957,P03372
DB00977,P03372
DB01065,P03372
DB01108,P03372
DB01183,P03372
DB01185,P03372
DB01196,P03372
DB01357,P03372
DB01406,P03372
DB01428,P03372
DB01431,P03372
DB01593,P03372
DB01645,P03372
DB01708,P03372
DB01878,P03372
DB02187,P03372
DB02709,P03372
DB02746,P03372
DB02757,P03372
DB02901,P03372
DB03467,P03372
DB04216,P03372
DB04468,P03372
DB04573,P03372
DB04574,P03372
DB04824,P03372
DB00157,P03886
DB01028,P03886
DB01159,P03886
DB01189,P03886
DB01236,P03886
DB00157,P03891
DB00157,P03897
DB00157,P03901
DB00157,P03905
DB00157,P03915
DB00157,P03923
DB03088,P03950
DB04272,P03950
DB00786,P03956
DB01593,P04003
DB01593,P04004
DB00157,P04035
DB00175,P04035
DB00227,P04035
DB00439,P04035
DB00641,P04035
DB01076,P04035
DB01095,P04035
DB01098,P04035
DB01213,P04040
DB00398,P04049
DB00795,P04054
DB02210,P04054
DB02659,P04054
DB00170,P04070
DB00464,P04070
DB01593,P04075
DB00288,P04083
DB00591,P04083
DB00741,P04083
DB01234,P04083
DB00180,P04150
DB00223,P04150
DB00240,P04150
DB00288,P04150
DB00324,P04150
DB00351,P04150
DB00394,P04150
DB00396,P04150
DB00421,P04150
DB00443,P04150
DB00547,P04150
DB00588,P04150
DB00591,P04150
DB00620,P04150
DB00635,P04150
DB00663,P04150
DB00687,P04150
DB00741,P04150
DB00764,P04150
DB00834,P04150
DB00846,P04150
DB00860,P04150
DB00896,P04150
DB00959,P04150
DB01013,P04150
DB01047,P04150
DB01130,P04150
DB01185,P04150
DB01222,P04150
DB01234,P04150
DB01260,P04150
DB01380,P04150
DB01384,P04150
DB01410,P04150
DB02210,P04150
DB00481,P04155
DB04468,P04155
DB00114,P04181
DB02054,P04181
DB01692,P04183
DB01593,P04217
DB01593,P04264
DB00768,P04271
DB01373,P04271
DB00179,P04278
DB00255,P04278
DB00367,P04278
DB00396,P04278
DB00421,P04278
DB00539,P04278
DB00655,P04278
DB00675,P04278
DB00882,P04278
DB00890,P04278
DB00977,P04278
DB01094,P04278
DB01593,P04278
DB01645,P04278
DB03467,P04278
DB04216,P04278
DB04429,P04278
DB04468,P04278
DB04573,P04278
DB04824,P04278
DB01593,P04279
DB03010,P04350
DB00157,P04406
DB00321,P04629
DB00619,P04629
DB00435,P04731
DB01593,P04731
DB02379,P04745
DB03088,P04745
DB00284,P04746
DB02379,P04746
DB03088,P04746
DB02342,P04798
DB00293,P04818
DB00322,P04818
DB00432,P04818
DB00440,P04818
DB00441,P04818
DB00544,P04818
DB00642,P04818
DB01101,P04818
DB00514,P04839
DB00390,P05023
DB00903,P05023
DB01021,P05023
DB01078,P05023
DB01092,P05023
DB01119,P05023
DB01158,P05023
DB01188,P05023
DB01244,P05023
DB01345,P05023
DB01370,P05023
DB01378,P05023
DB01396,P05023
DB01430,P05023
DB03904,P05089
DB00162,P05090
DB00157,P05091
DB00536,P05091
DB00822,P05091
DB02115,P05091
DB04381,P05091
DB00157,P05093
DB00396,P05093
DB00063,P05106
DB00098,P05106
DB00451,P05106
DB02709,P05106
DB00641,P05107
DB00357,P05108
DB01373,P05109
DB01593,P05109
DB01411,P05113
DB00031,P05120
DB00015,P05121
DB00031,P05121
DB00197,P05121
DB00675,P05129
DB00720,P05141
DB01593,P05160
DB02379,P05162
DB00244,P05164
DB00535,P05164
DB00583,P05164
DB01065,P05164
DB04821,P05164
DB00121,P05165
DB00121,P05166
DB00951,P05177
DB01373,P05187
DB00686,P05230
DB01025,P05230
DB01901,P05230
DB01942,P05230
DB00570,P05412
DB00852,P05412
DB01029,P05412
DB01169,P05412
DB00031,P05452
DB00407,P05546
DB01593,P05546
DB00098,P05556
DB00675,P05771
DB00031,P05787
DB00098,P06126
DB01306,P06213
DB01254,P06239
DB02010,P06239
DB01254,P06241
DB00122,P06276
DB00382,P06276
DB00449,P06276
DB00545,P06276
DB00674,P06276
DB00677,P06276
DB00733,P06276
DB00772,P06276
DB00863,P06276
DB00989,P06276
DB01010,P06276
DB01057,P06276
DB01221,P06276
DB01226,P06276
DB03568,P06276
DB04250,P06276
DB00294,P06401
DB00304,P06401
DB00351,P06401
DB00367,P06401
DB00378,P06401
DB00396,P06401
DB00421,P06401
DB00431,P06401
DB00588,P06401
DB00603,P06401
DB00648,P06401
DB00717,P06401
DB00764,P06401
DB00823,P06401
DB00834,P06401
DB00957,P06401
DB01395,P06401
DB01406,P06401
DB01428,P06401
DB01431,P06401
DB02746,P06401
DB02998,P06401
DB02052,P06493
DB02116,P06493
DB02950,P06493
DB03496,P06493
DB04014,P06493
DB04216,P06576
DB01373,P06702
DB01593,P06702
DB00148,P06732
DB01593,P06733
DB00114,P06737
DB00131,P06737
DB02379,P06737
DB03496,P06737
DB03581,P06744
DB04493,P06744
DB00987,P06746
DB01592,P06746
DB03222,P06746
DB00098,P06756
DB00451,P06756
DB01285,P06850
DB01370,P06870
DB03127,P06870
DB01083,P07098
DB00360,P07101
DB04400,P07101
DB00157,P07195
DB03940,P07195
DB00389,P07202
DB00509,P07202
DB00550,P07202
DB00763,P07202
DB00143,P07203
DB01050,P07204
DB00170,P07225
DB00464,P07225
DB01593,P07237
DB00834,P07288
DB04839,P07288
DB00157,P07327
DB01213,P07327
DB00619,P07333
DB01268,P07333
DB02216,P07339
DB00031,P07355
DB00591,P07355
DB01593,P07357
DB01593,P07358
DB01050,P07359
DB01593,P07360
DB04272,P07360
DB00361,P07437
DB00541,P07437
DB00570,P07437
DB01179,P07437
DB01394,P07437
DB03010,P07437
DB00273,P07451
DB00311,P07451
DB00391,P07451
DB00482,P07451
DB00580,P07451
DB00703,P07451
DB00819,P07451
DB00869,P07451
DB00909,P07451
DB01144,P07451
DB01194,P07451
DB02464,P07477
DB03127,P07477
DB04311,P07477
DB04325,P07477
DB00674,P07510
DB00127,P07550
DB00182,P07550
DB00195,P07550
DB00217,P07550
DB00221,P07550
DB00248,P07550
DB00264,P07550
DB00334,P07550
DB00335,P07550
DB00368,P07550
DB00373,P07550
DB00397,P07550
DB00449,P07550
DB00489,P07550
DB00521,P07550
DB00540,P07550
DB00571,P07550
DB00598,P07550
DB00612,P07550
DB00668,P07550
DB00726,P07550
DB00816,P07550
DB00841,P07550
DB00852,P07550
DB00866,P07550
DB00867,P07550
DB00871,P07550
DB00901,P07550
DB00925,P07550
DB00938,P07550
DB00960,P07550
DB00983,P07550
DB01001,P07550
DB01064,P07550
DB01102,P07550
DB01136,P07550
DB01151,P07550
DB01182,P07550
DB01193,P07550
DB01203,P07550
DB01210,P07550
DB01214,P07550
DB01288,P07550
DB01291,P07550
DB01295,P07550
DB01359,P07550
DB01365,P07550
DB01366,P07550
DB01407,P07550
DB01408,P07550
DB01580,P07550
DB01917,P07550
DB03566,P07550
DB03754,P07585
DB00205,P07686
DB00173,P07741
DB04272,P07741
DB02855,P07858
DB03588,P07858
DB00157,P07864
DB00615,P07900
DB00716,P07900
DB02424,P07900
DB04216,P07900
DB01254,P07947
DB01254,P07948
DB00398,P07949
DB00536,P07998
DB01942,P07998
DB02325,P07998
DB04272,P07998
DB01159,P08100
DB03796,P08100
DB00202,P08172
DB00246,P08172
DB00280,P08172
DB00321,P08172
DB00332,P08172
DB00334,P08172
DB00340,P08172
DB00342,P08172
DB00363,P08172
DB00376,P08172
DB00387,P08172
DB00392,P08172
DB00408,P08172
DB00411,P08172
DB00420,P08172
DB00424,P08172
DB00434,P08172
DB00454,P08172
DB00458,P08172
DB00483,P08172
DB00496,P08172
DB00505,P08172
DB00508,P08172
DB00540,P08172
DB00543,P08172
DB00555,P08172
DB00568,P08172
DB00572,P08172
DB00622,P08172
DB00715,P08172
DB00726,P08172
DB00728,P08172
DB00747,P08172
DB00767,P08172
DB00785,P08172
DB00804,P08172
DB00809,P08172
DB00835,P08172
DB00907,P08172
DB00934,P08172
DB00986,P08172
DB01019,P08172
DB01036,P08172
DB01062,P08172
DB01069,P08172
DB01075,P08172
DB01085,P08172
DB01135,P08172
DB01142,P08172
DB01148,P08172
DB01151,P08172
DB01221,P08172
DB01224,P08172
DB01226,P08172
DB01231,P08172
DB01238,P08172
DB01239,P08172
DB01337,P08172
DB01338,P08172
DB01403,P08172
DB01409,P08172
DB01591,P08172
DB03128,P08172
DB00246,P08173
DB00321,P08173
DB00334,P08173
DB00340,P08173
DB00342,P08173
DB00363,P08173
DB00376,P08173
DB00387,P08173
DB00408,P08173
DB00411,P08173
DB00420,P08173
DB00424,P08173
DB00454,P08173
DB00458,P08173
DB00496,P08173
DB00540,P08173
DB00543,P08173
DB00555,P08173
DB00568,P08173
DB00572,P08173
DB00622,P08173
DB00715,P08173
DB00726,P08173
DB00747,P08173
DB00767,P08173
DB00785,P08173
DB00809,P08173
DB00835,P08173
DB00934,P08173
DB01019,P08173
DB01036,P08173
DB01069,P08173
DB01085,P08173
DB01142,P08173
DB01151,P08173
DB01221,P08173
DB01224,P08173
DB01238,P08173
DB01239,P08173
DB01403,P08173
DB01409,P08173
DB01591,P08173
DB03128,P08173
DB00171,P08183
DB00482,P08183
DB00778,P08183
DB00813,P08183
DB01593,P08185
DB02424,P08238
DB03758,P08238
DB00171,P08243
DB00019,P08246
DB00786,P08253
DB00786,P08254
DB01996,P08254
DB00143,P08263
DB02486,P08263
DB04132,P08263
DB00157,P08319
DB00616,P08473
DB00886,P08473
DB02557,P08473
DB01373,P08493
DB00157,P08559
DB00127,P08588
DB00182,P08588
DB00187,P08588
DB00195,P08588
DB00217,P08588
DB00221,P08588
DB00243,P08588
DB00248,P08588
DB00264,P08588
DB00334,P08588
DB00335,P08588
DB00368,P08588
DB00373,P08588
DB00397,P08588
DB00408,P08588
DB00489,P08588
DB00521,P08588
DB00540,P08588
DB00555,P08588
DB00571,P08588
DB00598,P08588
DB00612,P08588
DB00668,P08588
DB00726,P08588
DB00841,P08588
DB00852,P08588
DB00866,P08588
DB00871,P08588
DB00938,P08588
DB00960,P08588
DB00983,P08588
DB01001,P08588
DB01064,P08588
DB01102,P08588
DB01118,P08588
DB01136,P08588
DB01151,P08588
DB01182,P08588
DB01193,P08588
DB01203,P08588
DB01210,P08588
DB01214,P08588
DB01288,P08588
DB01291,P08588
DB01295,P08588
DB01297,P08588
DB01359,P08588
DB01365,P08588
DB01407,P08588
DB01580,P08588
DB01917,P08588
DB03566,P08588
DB01593,P08603
DB00686,P08620
DB04216,P08631
DB02709,P08648
DB00143,P08684
DB00951,P08684
DB01026,P08686
DB01025,P08700
DB01593,P08700
DB01087,P08729
DB00591,P08758
DB01593,P08779
DB00216,P08908
DB00246,P08908
DB00247,P08908
DB00248,P08908
DB00315,P08908
DB00321,P08908
DB00334,P08908
DB00363,P08908
DB00408,P08908
DB00413,P08908
DB00422,P08908
DB00458,P08908
DB00477,P08908
DB00490,P08908
DB00540,P08908
DB00543,P08908
DB00571,P08908
DB00589,P08908
DB00656,P08908
DB00669,P08908
DB00696,P08908
DB00714,P08908
DB00726,P08908
DB00734,P08908
DB00866,P08908
DB00904,P08908
DB00952,P08908
DB00960,P08908
DB00988,P08908
DB01142,P08908
DB01149,P08908
DB01151,P08908
DB01186,P08908
DB01200,P08908
DB01221,P08908
DB01224,P08908
DB01238,P08908
DB01267,P08908
DB01359,P08908
DB01392,P08908
DB01614,P08908
DB01616,P08908
DB01618,P08908
DB01622,P08908
DB04829,P08908
DB00246,P08912
DB00321,P08912
DB00340,P08912
DB00342,P08912
DB00363,P08912
DB00376,P08912
DB00408,P08912
DB00420,P08912
DB00454,P08912
DB00458,P08912
DB00483,P08912
DB00496,P08912
DB00540,P08912
DB00543,P08912
DB00555,P08912
DB00568,P08912
DB00572,P08912
DB00622,P08912
DB00715,P08912
DB00726,P08912
DB00747,P08912
DB00767,P08912
DB00785,P08912
DB00835,P08912
DB00934,P08912
DB01036,P08912
DB01069,P08912
DB01142,P08912
DB01151,P08912
DB01221,P08912
DB01224,P08912
DB01238,P08912
DB01239,P08912
DB01403,P08912
DB01409,P08912
DB01591,P08912
DB00182,P08913
DB00217,P08913
DB00246,P08913
DB00248,P08913
DB00268,P08913
DB00320,P08913
DB00321,P08913
DB00363,P08913
DB00368,P08913
DB00370,P08913
DB00397,P08913
DB00408,P08913
DB00413,P08913
DB00433,P08913
DB00449,P08913
DB00457,P08913
DB00477,P08913
DB00484,P08913
DB00540,P08913
DB00543,P08913
DB00555,P08913
DB00575,P08913
DB00589,P08913
DB00629,P08913
DB00633,P08913
DB00656,P08913
DB00668,P08913
DB00692,P08913
DB00696,P08913
DB00697,P08913
DB00714,P08913
DB00726,P08913
DB00734,P08913
DB00751,P08913
DB00797,P08913
DB00800,P08913
DB00852,P08913
DB00865,P08913
DB00925,P08913
DB00934,P08913
DB00935,P08913
DB00964,P08913
DB00968,P08913
DB01018,P08913
DB01136,P08913
DB01149,P08913
DB01151,P08913
DB01186,P08913
DB01200,P08913
DB01224,P08913
DB01238,P08913
DB01267,P08913
DB01365,P08913
DB01392,P08913
DB01403,P08913
DB01472,P08913
DB01577,P08913
DB01608,P08913
DB01624,P08913
DB02175,P09012
DB00364,P09038
DB00686,P09038
DB00877,P09038
DB00126,P09172
DB00822,P09172
DB00988,P09172
DB00143,P09210
DB00608,P09210
DB00143,P09211
DB00197,P09211
DB00316,P09211
DB00363,P09211
DB00903,P09211
DB01015,P09211
DB01242,P09211
DB03619,P09211
DB04132,P09211
DB00786,P09237
DB00786,P09238
DB03345,P09382
DB00157,P09417
DB00131,P09467
DB04493,P09467
DB00143,P09488
DB02458,P09488
DB00591,P09525
DB00157,P09601
DB01942,P09601
DB02073,P09601
DB00398,P09619
DB00619,P09619
DB01254,P09619
DB01268,P09619
DB02659,P09669
DB01254,P09769
DB00126,P09848
DB00056,P09871
DB01593,P09871
DB00277,P09874
DB01593,P09874
DB02701,P09874
DB00179,P09917
DB00233,P09917
DB00244,P09917
DB00471,P09917
DB00586,P09917
DB00711,P09917
DB00744,P09917
DB00795,P09917
DB00939,P09917
DB01014,P09917
DB01017,P09917
DB01892,P09917
DB02709,P09917
DB04725,P09917
DB03600,P09958
DB04132,P0CG29
DB00648,P10109
DB04137,P10114
DB04315,P10114
DB02659,P10176
DB00284,P10253
DB00491,P10253
DB00255,P10275
DB00367,P10275
DB00396,P10275
DB00421,P10275
DB00499,P10275
DB00621,P10275
DB00623,P10275
DB00624,P10275
DB00648,P10275
DB00655,P10275
DB00665,P10275
DB00675,P10275
DB00687,P10275
DB00957,P10275
DB00984,P10275
DB01026,P10275
DB01063,P10275
DB01128,P10275
DB01185,P10275
DB01395,P10275
DB01406,P10275
DB01420,P10275
DB01428,P10275
DB01541,P10275
DB01608,P10275
DB01708,P10275
DB02266,P10275
DB02901,P10275
DB02998,P10275
DB04839,P10275
DB00171,P10398
DB01050,P10415
DB01229,P10415
DB01248,P10415
DB01367,P10415
DB00157,P10515
DB03758,P10515
DB03760,P10515
DB02659,P10606
DB00143,P10620
DB00448,P10636
DB00637,P10636
DB01229,P10636
DB01248,P10636
DB02315,P10644
DB02527,P10644
DB00848,P10696
DB01143,P10696
DB00398,P10721
DB00619,P10721
DB01254,P10721
DB01268,P10721
DB00162,P10745
DB00143,P10768
DB00210,P10826
DB00459,P10826
DB00523,P10826
DB00755,P10826
DB00799,P10826
DB00926,P10826
DB00279,P10827
DB00451,P10827
DB00509,P10827
DB01118,P10827
DB01583,P10827
DB00279,P10828
DB00451,P10828
DB00509,P10828
DB01118,P10828
DB01583,P10828
DB01593,P10909
DB00945,P11021
DB01196,P11137
DB01229,P11137
DB01248,P11137
DB01254,P11142
DB02709,P11166
DB00428,P11168
DB00119,P11177
DB00157,P11177
DB00114,P11216
DB03496,P11216
DB00114,P11217
DB02379,P11217
DB02843,P11217
DB03496,P11217
DB04566,P11217
DB00185,P11229
DB00193,P11229
DB00202,P11229
DB00209,P11229
DB00219,P11229
DB00245,P11229
DB00246,P11229
DB00280,P11229
DB00321,P11229
DB00332,P11229
DB00334,P11229
DB00340,P11229
DB00342,P11229
DB00363,P11229
DB00366,P11229
DB00376,P11229
DB00387,P11229
DB00392,P11229
DB00408,P11229
DB00411,P11229
DB00420,P11229
DB00424,P11229
DB00434,P11229
DB00454,P11229
DB00458,P11229
DB00477,P11229
DB00483,P11229
DB00496,P11229
DB00505,P11229
DB00508,P11229
DB00540,P11229
DB00543,P11229
DB00555,P11229
DB00568,P11229
DB00572,P11229
DB00622,P11229
DB00670,P11229
DB00715,P11229
DB00726,P11229
DB00747,P11229
DB00767,P11229
DB00771,P11229
DB00782,P11229
DB00785,P11229
DB00804,P11229
DB00805,P11229
DB00809,P11229
DB00810,P11229
DB00835,P11229
DB00875,P11229
DB00907,P11229
DB00934,P11229
DB00979,P11229
DB00986,P11229
DB01019,P11229
DB01036,P11229
DB01062,P11229
DB01069,P11229
DB01085,P11229
DB01142,P11229
DB01148,P11229
DB01151,P11229
DB01221,P11229
DB01224,P11229
DB01231,P11229
DB01233,P11229
DB01238,P11229
DB01239,P11229
DB01403,P11229
DB01409,P11229
DB01591,P11229
DB01618,P11229
DB02010,P11229
DB03128,P11229
DB04365,P11229
DB04843,P11229
DB00674,P11230
DB04315,P11233
DB01254,P11274
DB00131,P11309
DB02010,P11309
DB02656,P11309
DB04216,P11309
DB00398,P11362
DB00762,P11387
DB01030,P11387
DB04690,P11387
DB00218,P11388
DB00276,P11388
DB00380,P11388
DB00385,P11388
DB00444,P11388
DB00445,P11388
DB00467,P11388
DB00487,P11388
DB00537,P11388
DB00685,P11388
DB00694,P11388
DB00773,P11388
DB00970,P11388
DB00978,P11388
DB00997,P11388
DB01059,P11388
DB01137,P11388
DB01165,P11388
DB01177,P11388
DB01179,P11388
DB01204,P11388
DB01208,P11388
DB01645,P11388
DB04576,P11388
DB00136,P11473
DB00146,P11473
DB00153,P11473
DB00169,P11473
DB00910,P11473
DB01070,P11473
DB01436,P11473
DB02300,P11473
DB04258,P11473
DB04540,P11473
DB00197,P11474
DB00255,P11474
DB01645,P11474
DB04468,P11474
DB04315,P11488
DB00119,P11498
DB00121,P11498
DB00184,P11511
DB00357,P11511
DB00655,P11511
DB00894,P11511
DB00990,P11511
DB01006,P11511
DB01026,P11511
DB01217,P11511
DB02342,P11511
DB03467,P11511
DB04539,P11511
DB00116,P11586
DB00157,P11586
DB01065,P11678
DB00157,P11766
DB03496,P11802
DB00114,P11926
DB00127,P11926
DB01917,P11926
DB00279,P12004
DB00945,P12004
DB01050,P12104
DB00171,P12235
DB00720,P12235
DB02426,P12235
DB03429,P12235
DB00720,P12236
DB00157,P12268
DB00688,P12268
DB00811,P12268
DB01024,P12268
DB01033,P12268
DB04566,P12268
DB00162,P12271
DB00148,P12277
DB00056,P12314
DB00707,P12314
DB00056,P12318
DB00591,P12429
DB03994,P12429
DB00148,P12532
DB01373,P12644
DB01411,P12724
DB04272,P12724
DB00178,P12821
DB00492,P12821
DB00519,P12821
DB00542,P12821
DB00584,P12821
DB00616,P12821
DB00691,P12821
DB00722,P12821
DB00790,P12821
DB00881,P12821
DB00886,P12821
DB01180,P12821
DB01340,P12821
DB01348,P12821
DB01254,P12931
DB02175,P12931
DB03902,P12931
DB04272,P12931
DB04751,P12931
DB02659,P13073
DB00114,P13196
DB00145,P13196
DB01055,P13500
DB01406,P13500
DB00171,P13569
DB00887,P13569
DB01016,P13569
DB01050,P13569
DB02587,P13569
DB00210,P13631
DB00459,P13631
DB00523,P13631
DB00755,P13631
DB00799,P13631
DB00926,P13631
DB00982,P13631
DB04315,P13639
DB01593,P13645
DB01593,P13647
DB00126,P13674
DB00139,P13674
DB01275,P13674
DB02325,P13686
DB00855,P13716
DB02272,P13716
DB00020,P13727
DB01819,P13929
DB00182,P13945
DB00217,P13945
DB00334,P13945
DB00368,P13945
DB00540,P13945
DB00571,P13945
DB00726,P13945
DB00866,P13945
DB00871,P13945
DB00938,P13945
DB00960,P13945
DB00983,P13945
DB01001,P13945
DB01064,P13945
DB01102,P13945
DB01288,P13945
DB01365,P13945
DB01407,P13945
DB01580,P13945
DB00116,P13995
DB00157,P13995
DB00157,P14060
DB00741,P14060
DB01108,P14060
DB01536,P14060
DB01880,P14174
DB04272,P14174
DB00158,P14207
DB00284,P14410
DB00747,P14410
DB00182,P14416
DB00246,P14416
DB00248,P14416
DB00268,P14416
DB00334,P14416
DB00363,P14416
DB00372,P14416
DB00391,P14416
DB00408,P14416
DB00409,P14416
DB00413,P14416
DB00420,P14416
DB00433,P14416
DB00450,P14416
DB00458,P14416
DB00477,P14416
DB00490,P14416
DB00502,P14416
DB00508,P14416
DB00540,P14416
DB00543,P14416
DB00555,P14416
DB00568,P14416
DB00589,P14416
DB00623,P14416
DB00679,P14416
DB00696,P14416
DB00714,P14416
DB00726,P14416
DB00734,P14416
DB00805,P14416
DB00831,P14416
DB00850,P14416
DB00875,P14416
DB00915,P14416
DB00933,P14416
DB00934,P14416
DB00988,P14416
DB01043,P14416
DB01063,P14416
DB01069,P14416
DB01100,P14416
DB01151,P14416
DB01184,P14416
DB01186,P14416
DB01200,P14416
DB01221,P14416
DB01224,P14416
DB01233,P14416
DB01235,P14416
DB01238,P14416
DB01239,P14416
DB01267,P14416
DB01392,P14416
DB01403,P14416
DB01425,P14416
DB01614,P14416
DB01618,P14416
DB01622,P14416
DB01623,P14416
DB01624,P14416
DB04842,P14416
DB04844,P14416
DB02383,P14550
DB00328,P14555
DB00586,P14555
DB02325,P14555
DB04786,P14555
DB00514,P14598
DB01942,P14621
DB00615,P14625
DB02424,P14625
DB03758,P14625
DB00157,P14679
DB00548,P14679
DB00600,P14679
DB01055,P14679
DB00626,P14735
DB00468,P14770
DB00143,P14780
DB00786,P14780
DB01017,P14780
DB01296,P14780
DB01593,P14780
DB00004,P14784
DB00041,P14784
DB02659,P14854
DB00186,P14867
DB00189,P14867
DB00228,P14867
DB00231,P14867
DB00273,P14867
DB00292,P14867
DB00312,P14867
DB00334,P14867
DB00349,P14867
DB00371,P14867
DB00395,P14867
DB00402,P14867
DB00404,P14867
DB00418,P14867
DB00425,P14867
DB00466,P14867
DB00474,P14867
DB00475,P14867
DB00543,P14867
DB00546,P14867
DB00555,P14867
DB00599,P14867
DB00659,P14867
DB00683,P14867
DB00690,P14867
DB00753,P14867
DB00794,P14867
DB00801,P14867
DB00818,P14867
DB00829,P14867
DB00837,P14867
DB00842,P14867
DB00849,P14867
DB00897,P14867
DB00898,P14867
DB00962,P14867
DB01028,P14867
DB01043,P14867
DB01068,P14867
DB01154,P14867
DB01159,P14867
DB01174,P14867
DB01189,P14867
DB01198,P14867
DB01205,P14867
DB01215,P14867
DB01236,P14867
DB01351,P14867
DB01352,P14867
DB01353,P14867
DB01355,P14867
DB01437,P14867
DB01483,P14867
DB01544,P14867
DB01558,P14867
DB01559,P14867
DB01588,P14867
DB01589,P14867
DB01595,P14867
DB01708,P14867
DB01956,P14867
DB00435,P14902
DB03147,P14920
DB03793,P14920
DB04166,P14920
DB01593,P14923
DB00398,P15056
DB04272,P15086
DB00143,P15121
DB00157,P15121
DB00605,P15121
DB02020,P15121
DB02021,P15121
DB02383,P15121
DB02712,P15121
DB04272,P15121
DB00973,P15144
DB00514,P15153
DB01593,P15169
DB04315,P15170
DB00141,P15291
DB00158,P15328
DB00852,P15336
DB00020,P15509
DB01593,P15531
DB02181,P15531
DB02345,P15531
DB04315,P15531
DB00648,P15538
DB01011,P15538
DB00170,P15559
DB00266,P15559
DB01927,P15559
DB03147,P15559
DB01593,P15924
DB02659,P15954
DB02709,P16050
DB00325,P16066
DB00727,P16066
DB00883,P16066
DB01612,P16066
DB00157,P16083
DB00170,P16083
DB01065,P16083
DB01087,P16083
DB02709,P16083
DB03147,P16083
DB04216,P16083
DB04137,P16118
DB04493,P16118
DB01698,P16152
DB02709,P16152
DB04216,P16152
DB00131,P16220
DB01183,P16220
DB01083,P16233
DB00619,P16234
DB01268,P16234
DB03147,P16435
DB03247,P16435
DB03435,P16442
DB01597,P16444
DB00151,P16455
DB01593,P16455
DB02216,P16455
DB01185,P16471
DB00201,P16499
DB01136,P16581
DB01136,P16860
DB01677,P16930
DB01762,P16930
DB00114,P17174
DB00151,P17174
DB04299,P17174
DB00008,P17181
DB00011,P17181
DB00022,P17181
DB00069,P17181
DB00675,P17252
DB01136,P17302
DB00381,P17405
DB00477,P17405
DB01151,P17405
DB00157,P17516
DB00148,P17540
DB00852,P17544
DB00157,P17568
DB01919,P17612
DB04098,P17612
DB04707,P17612
DB04216,P17676
DB00114,P17735
DB00360,P17752
DB00184,P17787
DB00514,P17787
DB00564,P17787
DB00572,P17787
DB00657,P17787
DB00674,P17787
DB00747,P17787
DB00753,P17787
DB00898,P17787
DB00981,P17787
DB01245,P17787
DB01273,P17787
DB02261,P17900
DB02325,P17900
DB04465,P17931
DB00523,P17936
DB00398,P17948
DB01268,P17948
DB04315,P18085
DB00143,P18283
DB00367,P18405
DB00421,P18405
DB01126,P18405
DB01216,P18405
DB00186,P18505
DB00189,P18505
DB00228,P18505
DB00231,P18505
DB00273,P18505
DB00292,P18505
DB00312,P18505
DB00349,P18505
DB00371,P18505
DB00402,P18505
DB00404,P18505
DB00431,P18505
DB00475,P18505
DB00543,P18505
DB00546,P18505
DB00555,P18505
DB00659,P18505
DB00690,P18505
DB00753,P18505
DB00794,P18505
DB00801,P18505
DB00818,P18505
DB00829,P18505
DB00842,P18505
DB00897,P18505
DB00898,P18505
DB01028,P18505
DB01043,P18505
DB01068,P18505
DB01159,P18505
DB01189,P18505
DB01205,P18505
DB01215,P18505
DB01236,P18505
DB01437,P18505
DB01440,P18505
DB01558,P18505
DB01559,P18505
DB01588,P18505
DB01589,P18505
DB01595,P18505
DB01708,P18505
DB01956,P18505
DB00186,P18507
DB00189,P18507
DB00228,P18507
DB00231,P18507
DB00273,P18507
DB00292,P18507
DB00312,P18507
DB00334,P18507
DB00349,P18507
DB00371,P18507
DB00395,P18507
DB00402,P18507
DB00404,P18507
DB00425,P18507
DB00475,P18507
DB00543,P18507
DB00546,P18507
DB00555,P18507
DB00659,P18507
DB00690,P18507
DB00753,P18507
DB00794,P18507
DB00801,P18507
DB00818,P18507
DB00829,P18507
DB00842,P18507
DB00897,P18507
DB01028,P18507
DB01043,P18507
DB01068,P18507
DB01159,P18507
DB01189,P18507
DB01205,P18507
DB01215,P18507
DB01236,P18507
DB01437,P18507
DB01544,P18507
DB01558,P18507
DB01559,P18507
DB01588,P18507
DB01589,P18507
DB01595,P18507
DB01708,P18507
DB01956,P18507
DB00182,P18825
DB00217,P18825
DB00246,P18825
DB00248,P18825
DB00268,P18825
DB00363,P18825
DB00368,P18825
DB00397,P18825
DB00408,P18825
DB00433,P18825
DB00477,P18825
DB00484,P18825
DB00540,P18825
DB00543,P18825
DB00575,P18825
DB00589,P18825
DB00697,P18825
DB00714,P18825
DB00734,P18825
DB00797,P18825
DB00800,P18825
DB00925,P18825
DB00934,P18825
DB00935,P18825
DB01136,P18825
DB01151,P18825
DB01186,P18825
DB01200,P18825
DB01224,P18825
DB01238,P18825
DB01267,P18825
DB01365,P18825
DB01392,P18825
DB01403,P18825
DB01577,P18825
DB00852,P18846
DB00852,P18847
DB00852,P18848
DB00852,P18850
DB00126,P19021
DB00421,P19099
DB00114,P19113
DB00898,P19320
DB01136,P19320
DB02379,P19367
DB00157,P19404
DB04513,P19429
DB00143,P19440
DB00594,P19634
DB00280,P19652
DB00281,P19652
DB00333,P19652
DB00458,P19652
DB00477,P19652
DB01041,P19652
DB01593,P19652
DB00132,P19793
DB00210,P19793
DB00307,P19793
DB00412,P19793
DB00459,P19793
DB00523,P19793
DB00749,P19793
DB00755,P19793
DB00926,P19793
DB01393,P19793
DB01436,P19793
DB02746,P19793
DB04224,P19793
DB04557,P19793
DB00594,P19801
DB01373,P19801
DB01593,P19823
DB01593,P19827
DB01041,P19838
DB01411,P19838
DB00514,P19878
DB02379,P19961
DB03088,P19961
DB03323,P19961
DB04417,P19961
DB00200,P20061
DB00114,P20132
DB00056,P20138
DB00185,P20309
DB00193,P20309
DB00202,P20309
DB00246,P20309
DB00280,P20309
DB00321,P20309
DB00332,P20309
DB00334,P20309
DB00340,P20309
DB00342,P20309
DB00363,P20309
DB00376,P20309
DB00387,P20309
DB00408,P20309
DB00411,P20309
DB00420,P20309
DB00424,P20309
DB00434,P20309
DB00454,P20309
DB00458,P20309
DB00477,P20309
DB00496,P20309
DB00505,P20309
DB00540,P20309
DB00543,P20309
DB00555,P20309
DB00568,P20309
DB00572,P20309
DB00599,P20309
DB00622,P20309
DB00715,P20309
DB00726,P20309
DB00747,P20309
DB00767,P20309
DB00785,P20309
DB00809,P20309
DB00835,P20309
DB00934,P20309
DB00986,P20309
DB01019,P20309
DB01036,P20309
DB01062,P20309
DB01069,P20309
DB01085,P20309
DB01142,P20309
DB01151,P20309
DB01221,P20309
DB01224,P20309
DB01226,P20309
DB01231,P20309
DB01238,P20309
DB01239,P20309
DB01337,P20309
DB01338,P20309
DB01403,P20309
DB01409,P20309
DB01591,P20309
DB03128,P20309
DB04365,P20309
DB04843,P20309
DB04137,P20339
DB04315,P20339
DB01942,P20472
DB00188,P20618
DB00213,P20648
DB00338,P20648
DB00448,P20648
DB00736,P20648
DB01129,P20648
DB02659,P20674
DB00098,P20701
DB00227,P20701
DB00641,P20701
DB04794,P20813
DB00157,P20839
DB00688,P20839
DB00811,P20839
DB01024,P20839
DB01033,P20839
DB01593,P20851
DB00143,P21266
DB00182,P21397
DB00191,P21397
DB00721,P21397
DB00752,P21397
DB00780,P21397
DB00805,P21397
DB00909,P21397
DB01037,P21397
DB01168,P21397
DB01171,P21397
DB01247,P21397
DB01472,P21397
DB01577,P21397
DB01626,P21397
DB03147,P21397
DB04821,P21397
DB04832,P21397
DB00716,P21462
DB00114,P21549
DB00145,P21549
DB00470,P21554
DB00486,P21554
DB02955,P21554
DB00806,P21589
DB00157,P21695
DB00331,P21695
DB00246,P21728
DB00248,P21728
DB00334,P21728
DB00353,P21728
DB00363,P21728
DB00372,P21728
DB00397,P21728
DB00408,P21728
DB00420,P21728
DB00458,P21728
DB00477,P21728
DB00502,P21728
DB00508,P21728
DB00543,P21728
DB00555,P21728
DB00568,P21728
DB00589,P21728
DB00623,P21728
DB00679,P21728
DB00696,P21728
DB00714,P21728
DB00726,P21728
DB00734,P21728
DB00800,P21728
DB00805,P21728
DB00850,P21728
DB00875,P21728
DB00988,P21728
DB01063,P21728
DB01186,P21728
DB01200,P21728
DB01224,P21728
DB01235,P21728
DB01238,P21728
DB01239,P21728
DB01267,P21728
DB01403,P21728
DB01608,P21728
DB01614,P21728
DB01622,P21728
DB01623,P21728
DB01624,P21728
DB01207,P21731
DB01375,P21796
DB00201,P21817
DB01219,P21817
DB04786,P21817
DB00139,P21912
DB00246,P21918
DB00248,P21918
DB00334,P21918
DB00408,P21918
DB00458,P21918
DB00477,P21918
DB00555,P21918
DB00568,P21918
DB00589,P21918
DB00696,P21918
DB00714,P21918
DB00726,P21918
DB00800,P21918
DB00988,P21918
DB01186,P21918
DB01200,P21918
DB01224,P21918
DB01235,P21918
DB01238,P21918
DB01403,P21918
DB01624,P21918
DB00118,P21964
DB00323,P21964
DB00494,P21964
DB02105,P21964
DB02342,P21964
DB04315,P21980
DB00115,P22033
DB00200,P22033
DB00642,P22102
DB00122,P22303
DB00382,P22303
DB00411,P22303
DB00449,P22303
DB00483,P22303
DB00545,P22303
DB00674,P22303
DB00677,P22303
DB00733,P22303
DB00805,P22303
DB00843,P22303
DB00863,P22303
DB00981,P22303
DB00989,P22303
DB01010,P22303
DB01199,P22303
DB01233,P22303
DB01245,P22303
DB01364,P22303
DB01400,P22303
DB02166,P22303
DB03128,P22303
DB04216,P22314
DB00143,P22352
DB04315,P22392
DB00811,P22413
DB01143,P22413
DB00114,P22557
DB00145,P22557
DB00232,P22748
DB00273,P22748
DB00311,P22748
DB00436,P22748
DB00606,P22748
DB00703,P22748
DB00819,P22748
DB00869,P22748
DB00909,P22748
DB01021,P22748
DB01144,P22748
DB01194,P22748
DB01593,P22792
DB02659,P22830
DB00014,P22888
DB00050,P22888
DB00170,P22891
DB00786,P22894
DB03880,P22894
DB00198,P23141
DB00382,P23141
DB00454,P23141
DB00583,P23141
DB00647,P23141
DB00907,P23141
DB01183,P23141
DB01452,P23141
DB01599,P23141
DB02659,P23141
DB04838,P23141
DB00570,P23258
DB02557,P23276
DB00909,P23280
DB00768,P23297
DB00157,P23368
DB01677,P23368
DB00114,P23378
DB00145,P23378
DB00145,P23415
DB00228,P23415
DB00431,P23415
DB00466,P23415
DB00572,P23415
DB00753,P23415
DB00898,P23415
DB01028,P23415
DB01159,P23415
DB01189,P23415
DB01236,P23415
DB01593,P23415
DB01956,P23415
DB00145,P23416
DB00431,P23416
DB00466,P23416
DB00898,P23416
DB01956,P23416
DB00145,P23434
DB03760,P23434
DB02375,P23458
DB00630,P23469
DB02325,P23526
DB01863,P23677
DB00583,P23786
DB01074,P23786
DB00231,P24046
DB00431,P24046
DB00466,P24046
DB00546,P24046
DB00690,P24046
DB00801,P24046
DB00829,P24046
DB00842,P24046
DB00897,P24046
DB01215,P24046
DB01558,P24046
DB01559,P24046
DB01588,P24046
DB01589,P24046
DB01595,P24046
DB00114,P24298
DB00780,P24298
DB02659,P24310
DB02659,P24311
DB00786,P24347
DB00945,P24385
DB01169,P24385
DB00559,P24530
DB00173,P24666
DB00795,P24752
DB00321,P25021
DB00408,P25021
DB00501,P25021
DB00585,P25021
DB00751,P25021
DB00768,P25021
DB00797,P25021
DB00863,P25021
DB00927,P25021
DB01069,P25021
DB01142,P25021
DB01009,P25024
DB00171,P25098
DB00182,P25100
DB00211,P25100
DB00243,P25100
DB00248,P25100
DB00268,P25100
DB00321,P25100
DB00346,P25100
DB00368,P25100
DB00370,P25100
DB00388,P25100
DB00420,P25100
DB00433,P25100
DB00457,P25100
DB00458,P25100
DB00477,P25100
DB00540,P25100
DB00543,P25100
DB00575,P25100
DB00590,P25100
DB00598,P25100
DB00622,P25100
DB00661,P25100
DB00668,P25100
DB00692,P25100
DB00696,P25100
DB00697,P25100
DB00706,P25100
DB00723,P25100
DB00800,P25100
DB00841,P25100
DB00908,P25100
DB00925,P25100
DB00934,P25100
DB00935,P25100
DB01136,P25100
DB01142,P25100
DB01151,P25100
DB01162,P25100
DB01186,P25100
DB01200,P25100
DB01224,P25100
DB01365,P25100
DB01403,P25100
DB00559,P25101
DB00945,P25101
DB00673,P25103
DB01221,P25103
DB02261,P25105
DB04216,P25705
DB01593,P25713
DB00945,P25963
DB00928,P26358
DB01035,P26358
DB01099,P26358
DB01262,P26358
DB00157,P26439
DB01108,P26439
DB00831,P26447
DB00020,P26951
DB01327,P27169
DB01593,P27169
DB00182,P27338
DB00191,P27338
DB00721,P27338
DB00752,P27338
DB00780,P27338
DB00909,P27338
DB01037,P27338
DB01132,P27338
DB01168,P27338
DB01171,P27338
DB01247,P27338
DB01367,P27338
DB01472,P27338
DB01577,P27338
DB01626,P27338
DB02095,P27338
DB02509,P27338
DB03147,P27338
DB04821,P27338
DB04832,P27338
DB00605,P27361
DB01169,P27361
DB04604,P27361
DB01076,P27487
DB01261,P27487
DB01073,P27707
DB02594,P27707
DB00031,P27797
DB01065,P27797
DB00201,P27815
DB00277,P27815
DB00651,P27815
DB00806,P27815
DB00824,P27815
DB00975,P27815
DB01088,P27815
DB01656,P27815
DB01791,P27815
DB01229,P27816
DB01248,P27816
DB00031,P27824
DB01064,P27986
DB00188,P28074
DB00143,P28161
DB02458,P28161
DB00216,P28221
DB00246,P28221
DB00248,P28221
DB00315,P28221
DB00320,P28221
DB00321,P28221
DB00334,P28221
DB00363,P28221
DB00408,P28221
DB00589,P28221
DB00669,P28221
DB00696,P28221
DB00714,P28221
DB00726,P28221
DB00734,P28221
DB00918,P28221
DB00952,P28221
DB00953,P28221
DB00998,P28221
DB01186,P28221
DB01200,P28221
DB01221,P28221
DB01224,P28221
DB01238,P28221
DB01267,P28221
DB01392,P28221
DB00216,P28222
DB00246,P28222
DB00247,P28222
DB00248,P28222
DB00315,P28222
DB00320,P28222
DB00321,P28222
DB00334,P28222
DB00363,P28222
DB00408,P28222
DB00543,P28222
DB00571,P28222
DB00589,P28222
DB00669,P28222
DB00696,P28222
DB00714,P28222
DB00904,P28222
DB00918,P28222
DB00952,P28222
DB00953,P28222
DB00960,P28222
DB00998,P28222
DB01186,P28222
DB01200,P28222
DB01221,P28222
DB01224,P28222
DB01238,P28222
DB01359,P28222
DB01392,P28222
DB00246,P28223
DB00247,P28223
DB00248,P28223
DB00321,P28223
DB00334,P28223
DB00363,P28223
DB00370,P28223
DB00408,P28223
DB00409,P28223
DB00420,P28223
DB00434,P28223
DB00458,P28223
DB00477,P28223
DB00502,P28223
DB00540,P28223
DB00543,P28223
DB00555,P28223
DB00574,P28223
DB00589,P28223
DB00604,P28223
DB00623,P28223
DB00656,P28223
DB00679,P28223
DB00696,P28223
DB00714,P28223
DB00715,P28223
DB00726,P28223
DB00734,P28223
DB00751,P28223
DB00805,P28223
DB00843,P28223
DB00875,P28223
DB00924,P28223
DB00933,P28223
DB00934,P28223
DB01069,P28223
DB01079,P28223
DB01142,P28223
DB01149,P28223
DB01151,P28223
DB01186,P28223
DB01200,P28223
DB01221,P28223
DB01224,P28223
DB01238,P28223
DB01239,P28223
DB01242,P28223
DB01267,P28223
DB01392,P28223
DB01403,P28223
DB01454,P28223
DB01488,P28223
DB01537,P28223
DB01614,P28223
DB01618,P28223
DB01622,P28223
DB01623,P28223
DB01624,P28223
DB04842,P28223
DB00184,P28329
DB00157,P28331
DB00193,P28335
DB00246,P28335
DB00247,P28335
DB00248,P28335
DB00321,P28335
DB00334,P28335
DB00363,P28335
DB00370,P28335
DB00408,P28335
DB00420,P28335
DB00434,P28335
DB00458,P28335
DB00472,P28335
DB00477,P28335
DB00540,P28335
DB00543,P28335
DB00574,P28335
DB00589,P28335
DB00623,P28335
DB00656,P28335
DB00696,P28335
DB00714,P28335
DB00726,P28335
DB00734,P28335
DB00805,P28335
DB00934,P28335
DB01079,P28335
DB01142,P28335
DB01149,P28335
DB01151,P28335
DB01186,P28335
DB01191,P28335
DB01200,P28335
DB01221,P28335
DB01224,P28335
DB01238,P28335
DB01239,P28335
DB01242,P28335
DB01267,P28335
DB01392,P28335
DB01403,P28335
DB01454,P28335
DB01537,P28335
DB00186,P28472
DB00189,P28472
DB00228,P28472
DB00231,P28472
DB00273,P28472
DB00292,P28472
DB00312,P28472
DB00349,P28472
DB00371,P28472
DB00402,P28472
DB00404,P28472
DB00431,P28472
DB00475,P28472
DB00543,P28472
DB00546,P28472
DB00555,P28472
DB00592,P28472
DB00602,P28472
DB00659,P28472
DB00690,P28472
DB00753,P28472
DB00794,P28472
DB00801,P28472
DB00818,P28472
DB00829,P28472
DB00842,P28472
DB00897,P28472
DB00898,P28472
DB01028,P28472
DB01043,P28472
DB01068,P28472
DB01159,P28472
DB01189,P28472
DB01205,P28472
DB01215,P28472
DB01236,P28472
DB01437,P28472
DB01544,P28472
DB01558,P28472
DB01559,P28472
DB01588,P28472
DB01589,P28472
DB01595,P28472
DB01708,P28472
DB01956,P28472
DB00231,P28476
DB00546,P28476
DB00690,P28476
DB00801,P28476
DB00829,P28476
DB00842,P28476
DB00897,P28476
DB01215,P28476
DB01558,P28476
DB01559,P28476
DB01588,P28476
DB01589,P28476
DB01595,P28476
DB01064,P28482
DB01169,P28482
DB02116,P28482
DB00216,P28566
DB00246,P28566
DB00247,P28566
DB00334,P28566
DB00363,P28566
DB00408,P28566
DB01221,P28566
DB01224,P28566
DB01238,P28566
DB00157,P28845
DB00635,P28845
DB02329,P28845
DB00768,P29034
DB01373,P29034
DB01593,P29034
DB00630,P29074
DB01356,P29218
DB00201,P29274
DB00277,P29274
DB00358,P29274
DB00555,P29274
DB00640,P29274
DB00651,P29274
DB00806,P29274
DB00824,P29274
DB01412,P29274
DB00277,P29275
DB00640,P29275
DB00824,P29275
DB01254,P29317
DB00515,P29372
DB01593,P29372
DB00945,P29466
DB01017,P29466
DB01221,P29475
DB01942,P29475
DB01997,P29475
DB02044,P29475
DB03147,P29475
DB03247,P29475
DB01169,P29590
DB01593,P29622
DB00157,P29803
DB00819,P29972
DB04209,P29973
DB00157,P30038
DB02325,P30041
DB00140,P30043
DB00157,P30043
DB02073,P30043
DB03247,P30043
DB00995,P30044
DB03793,P30044
DB00228,P30049
DB00753,P30049
DB01028,P30049
DB01159,P30049
DB01189,P30049
DB01236,P30049
DB02563,P30084
DB03059,P30084
DB00441,P30085
DB03435,P30085
DB01593,P30101
DB00091,P30405
DB00035,P30518
DB00067,P30518
DB00872,P30518
DB02638,P30518
DB00906,P30531
DB00186,P30536
DB00231,P30536
DB00404,P30536
DB00829,P30536
DB00897,P30536
DB00962,P30536
DB01068,P30536
DB01178,P30536
DB01198,P30536
DB01544,P30536
DB00107,P30559
DB01282,P30559
DB00119,P30613
DB04551,P30613
DB02325,P30793
DB02377,P30793
DB00157,P30837
DB00104,P30872
DB00104,P30874
DB00184,P30926
DB00472,P30926
DB00514,P30926
DB00674,P30926
DB00898,P30926
DB01090,P30926
DB01227,P30926
DB00216,P30939
DB00247,P30939
DB00315,P30939
DB00334,P30939
DB00669,P30939
DB00696,P30939
DB00952,P30939
DB00953,P30939
DB01221,P30939
DB00007,P30968
DB00014,P30968
DB00050,P30968
DB00644,P30968
DB01406,P30968
DB00755,P31025
DB01050,P31151
DB01593,P31151
DB00118,P31153
DB00421,P31213
DB00548,P31213
DB01126,P31213
DB01216,P31213
DB00136,P31260
DB02527,P31323
DB00242,P31350
DB00186,P31644
DB00189,P31644
DB00228,P31644
DB00231,P31644
DB00273,P31644
DB00292,P31644
DB00312,P31644
DB00334,P31644
DB00349,P31644
DB00371,P31644
DB00395,P31644
DB00402,P31644
DB00404,P31644
DB00418,P31644
DB00475,P31644
DB00543,P31644
DB00546,P31644
DB00555,P31644
DB00599,P31644
DB00659,P31644
DB00683,P31644
DB00690,P31644
DB00753,P31644
DB00794,P31644
DB00801,P31644
DB00818,P31644
DB00829,P31644
DB00842,P31644
DB00849,P31644
DB00897,P31644
DB00898,P31644
DB01028,P31644
DB01043,P31644
DB01068,P31644
DB01159,P31644
DB01189,P31644
DB01198,P31644
DB01205,P31644
DB01215,P31644
DB01236,P31644
DB01351,P31644
DB01352,P31644
DB01353,P31644
DB01355,P31644
DB01437,P31644
DB01483,P31644
DB01544,P31644
DB01558,P31644
DB01559,P31644
DB01588,P31644
DB01589,P31644
DB01595,P31644
DB01708,P31644
DB01956,P31644
DB00176,P31645
DB00182,P31645
DB00191,P31645
DB00193,P31645
DB00215,P31645
DB00245,P31645
DB00285,P31645
DB00289,P31645
DB00321,P31645
DB00344,P31645
DB00408,P31645
DB00454,P31645
DB00458,P31645
DB00472,P31645
DB00476,P31645
DB00514,P31645
DB00540,P31645
DB00543,P31645
DB00574,P31645
DB00579,P31645
DB00656,P31645
DB00661,P31645
DB00715,P31645
DB00726,P31645
DB00805,P31645
DB00852,P31645
DB00907,P31645
DB00988,P31645
DB01104,P31645
DB01105,P31645
DB01114,P31645
DB01142,P31645
DB01149,P31645
DB01151,P31645
DB01191,P31645
DB01242,P31645
DB01454,P31645
DB01472,P31645
DB01577,P31645
DB04821,P31645
DB04832,P31645
DB04836,P31645
DB00171,P31749
DB01169,P31749
DB01645,P31749
DB01863,P31749
DB02709,P31749
DB00004,P31785
DB00041,P31785
DB04741,P31930
DB00157,P31937
DB00116,P31939
DB00642,P31939
DB01700,P31939
DB00056,P31994
DB00098,P31994
DB00056,P31995
DB00898,P32004
DB00403,P32238
DB00184,P32297
DB00472,P32297
DB00514,P32297
DB00674,P32297
DB00848,P32297
DB00898,P32297
DB00915,P32297
DB01090,P32297
DB01156,P32297
DB01227,P32297
DB01273,P32297
DB00132,P32418
DB00159,P32418
DB00348,P32754
DB00020,P32927
DB00114,P32929
DB00151,P32929
DB00480,P33151
DB00951,P33261
DB00435,P33402
DB01020,P33402
DB00171,P33527
DB01138,P33527
DB00114,P34896
DB00116,P34896
DB00145,P34896
DB01055,P34896
DB00114,P34897
DB00116,P34897
DB00145,P34897
DB00186,P34903
DB00189,P34903
DB00228,P34903
DB00231,P34903
DB00273,P34903
DB00292,P34903
DB00312,P34903
DB00334,P34903
DB00349,P34903
DB00371,P34903
DB00395,P34903
DB00402,P34903
DB00404,P34903
DB00418,P34903
DB00425,P34903
DB00475,P34903
DB00543,P34903
DB00546,P34903
DB00555,P34903
DB00599,P34903
DB00659,P34903
DB00683,P34903
DB00690,P34903
DB00753,P34903
DB00794,P34903
DB00801,P34903
DB00818,P34903
DB00829,P34903
DB00842,P34903
DB00849,P34903
DB00897,P34903
DB00898,P34903
DB01028,P34903
DB01043,P34903
DB01068,P34903
DB01159,P34903
DB01189,P34903
DB01198,P34903
DB01205,P34903
DB01215,P34903
DB01236,P34903
DB01351,P34903
DB01352,P34903
DB01353,P34903
DB01355,P34903
DB01437,P34903
DB01483,P34903
DB01544,P34903
DB01558,P34903
DB01559,P34903
DB01588,P34903
DB01589,P34903
DB01595,P34903
DB01708,P34903
DB01956,P34903
DB00216,P34969
DB00246,P34969
DB00247,P34969
DB00248,P34969
DB00321,P34969
DB00363,P34969
DB00408,P34969
DB00434,P34969
DB00458,P34969
DB00477,P34969
DB00543,P34969
DB00589,P34969
DB00734,P34969
DB00751,P34969
DB00934,P34969
DB00988,P34969
DB01200,P34969
DB01224,P34969
DB01238,P34969
DB01267,P34969
DB00470,P34972
DB00486,P34972
DB02955,P34972
DB00297,P34995
DB00429,P34995
DB00770,P34995
DB00905,P34995
DB00917,P34995
DB01088,P34995
DB03127,P35030
DB00909,P35218
DB01194,P35218
DB03385,P35218
DB00909,P35219
DB01110,P35228
DB01234,P35228
DB01997,P35228
DB02044,P35228
DB02207,P35228
DB04400,P35228
DB04534,P35228
DB02379,P35247
DB03886,P35270
DB00104,P35346
DB00182,P35348
DB00211,P35348
DB00243,P35348
DB00246,P35348
DB00248,P35348
DB00268,P35348
DB00321,P35348
DB00334,P35348
DB00346,P35348
DB00363,P35348
DB00368,P35348
DB00370,P35348
DB00388,P35348
DB00408,P35348
DB00420,P35348
DB00433,P35348
DB00449,P35348
DB00450,P35348
DB00457,P35348
DB00458,P35348
DB00477,P35348
DB00540,P35348
DB00543,P35348
DB00555,P35348
DB00575,P35348
DB00590,P35348
DB00598,P35348
DB00610,P35348
DB00622,P35348
DB00656,P35348
DB00661,P35348
DB00668,P35348
DB00679,P35348
DB00692,P35348
DB00696,P35348
DB00697,P35348
DB00699,P35348
DB00706,P35348
DB00723,P35348
DB00726,P35348
DB00734,P35348
DB00751,P35348
DB00797,P35348
DB00800,P35348
DB00831,P35348
DB00841,P35348
DB00852,P35348
DB00865,P35348
DB00875,P35348
DB00908,P35348
DB00925,P35348
DB00934,P35348
DB00935,P35348
DB00964,P35348
DB01069,P35348
DB01136,P35348
DB01142,P35348
DB01149,P35348
DB01151,P35348
DB01162,P35348
DB01186,P35348
DB01200,P35348
DB01224,P35348
DB01238,P35348
DB01253,P35348
DB01267,P35348
DB01295,P35348
DB01364,P35348
DB01365,P35348
DB01403,P35348
DB01472,P35348
DB01576,P35348
DB01579,P35348
DB01614,P35348
DB01622,P35348
DB01624,P35348
DB00159,P35354
DB00210,P35354
DB00233,P35354
DB00244,P35354
DB00316,P35354
DB00328,P35354
DB00461,P35354
DB00465,P35354
DB00469,P35354
DB00480,P35354
DB00482,P35354
DB00500,P35354
DB00533,P35354
DB00554,P35354
DB00573,P35354
DB00580,P35354
DB00586,P35354
DB00605,P35354
DB00712,P35354
DB00749,P35354
DB00784,P35354
DB00788,P35354
DB00795,P35354
DB00812,P35354
DB00814,P35354
DB00821,P35354
DB00861,P35354
DB00870,P35354
DB00936,P35354
DB00939,P35354
DB00945,P35354
DB00963,P35354
DB00991,P35354
DB01009,P35354
DB01014,P35354
DB01041,P35354
DB01050,P35354
DB01283,P35354
DB01399,P35354
DB01419,P35354
DB01435,P35354
DB01600,P35354
DB01628,P35354
DB02266,P35354
DB02709,P35354
DB03866,P35354
DB04725,P35354
DB04743,P35354
DB00215,P35367
DB00245,P35367
DB00246,P35367
DB00283,P35367
DB00321,P35367
DB00334,P35367
DB00341,P35367
DB00342,P35367
DB00363,P35367
DB00366,P35367
DB00370,P35367
DB00405,P35367
DB00408,P35367
DB00420,P35367
DB00427,P35367
DB00433,P35367
DB00434,P35367
DB00455,P35367
DB00458,P35367
DB00477,P35367
DB00540,P35367
DB00543,P35367
DB00555,P35367
DB00557,P35367
DB00568,P35367
DB00637,P35367
DB00656,P35367
DB00719,P35367
DB00726,P35367
DB00734,P35367
DB00737,P35367
DB00748,P35367
DB00751,P35367
DB00767,P35367
DB00768,P35367
DB00792,P35367
DB00797,P35367
DB00835,P35367
DB00920,P35367
DB00934,P35367
DB00950,P35367
DB00967,P35367
DB00972,P35367
DB00985,P35367
DB01069,P35367
DB01071,P35367
DB01075,P35367
DB01084,P35367
DB01106,P35367
DB01114,P35367
DB01142,P35367
DB01146,P35367
DB01151,P35367
DB01173,P35367
DB01176,P35367
DB01224,P35367
DB01238,P35367
DB01239,P35367
DB01246,P35367
DB01267,P35367
DB01403,P35367
DB01615,P35367
DB01619,P35367
DB01620,P35367
DB01624,P35367
DB04841,P35367
DB00182,P35368
DB00211,P35368
DB00243,P35368
DB00246,P35368
DB00248,P35368
DB00268,P35368
DB00321,P35368
DB00334,P35368
DB00346,P35368
DB00363,P35368
DB00368,P35368
DB00370,P35368
DB00388,P35368
DB00408,P35368
DB00420,P35368
DB00433,P35368
DB00457,P35368
DB00458,P35368
DB00477,P35368
DB00540,P35368
DB00543,P35368
DB00575,P35368
DB00590,P35368
DB00598,P35368
DB00622,P35368
DB00661,P35368
DB00668,P35368
DB00679,P35368
DB00692,P35368
DB00696,P35368
DB00697,P35368
DB00706,P35368
DB00723,P35368
DB00726,P35368
DB00734,P35368
DB00745,P35368
DB00800,P35368
DB00841,P35368
DB00908,P35368
DB00925,P35368
DB00934,P35368
DB00935,P35368
DB01136,P35368
DB01142,P35368
DB01149,P35368
DB01151,P35368
DB01162,P35368
DB01186,P35368
DB01200,P35368
DB01224,P35368
DB01238,P35368
DB01267,P35368
DB01365,P35368
DB01403,P35368
DB01576,P35368
DB01579,P35368
DB01608,P35368
DB01614,P35368
DB01622,P35368
DB00917,P35408
DB00929,P35408
DB00252,P35498
DB00273,P35498
DB00313,P35498
DB00909,P35498
DB01121,P35498
DB01438,P35498
DB01595,P35498
DB00281,P35499
DB00313,P35499
DB00586,P35499
DB00818,P35499
DB00909,P35499
DB01195,P35499
DB01593,P35527
DB02379,P35557
DB01819,P35558
DB00973,P35610
DB01094,P35610
DB00171,P35626
DB00143,P35754
DB01593,P35858
DB00338,P35869
DB00379,P35869
DB00393,P35869
DB00499,P35869
DB01076,P35869
DB01097,P35869
DB02052,P35869
DB02709,P35869
DB04216,P35869
DB01593,P35908
DB00201,P35913
DB00398,P35916
DB01268,P35916
DB00398,P35968
DB01268,P35968
DB00119,P36021
DB04315,P36405
DB04216,P36542
DB02169,P36873
DB02860,P36873
DB00398,P36888
DB01268,P36888
DB00171,P36896
DB00143,P36969
DB00171,P37023
DB00157,P37058
DB00157,P37059
DB00783,P37059
DB00384,P37088
DB00594,P37088
DB00035,P37288
DB00067,P37288
DB00093,P37288
DB00872,P37288
DB02638,P37288
DB02709,P37840
DB00170,P38435
DB01022,P38435
DB01125,P38435
DB00630,P38606
DB01077,P38606
DB01169,P38936
DB01592,P39748
DB00551,P39900
DB00786,P39900
DB03880,P39900
DB00627,P40261
DB00157,P40394
DB00157,P40925
DB01327,P40933
DB00157,P40939
DB04315,P41091
DB00193,P41143
DB00295,P41143
DB00318,P41143
DB00321,P41143
DB00327,P41143
DB00333,P41143
DB00497,P41143
DB00514,P41143
DB00611,P41143
DB00647,P41143
DB00704,P41143
DB00708,P41143
DB00813,P41143
DB00836,P41143
DB00844,P41143
DB00854,P41143
DB00899,P41143
DB00921,P41143
DB00956,P41143
DB01183,P41143
DB01192,P41143
DB01221,P41143
DB01452,P41143
DB01497,P41143
DB01535,P41143
DB01548,P41143
DB01571,P41143
DB00193,P41145
DB00289,P41145
DB00295,P41145
DB00318,P41145
DB00321,P41145
DB00327,P41145
DB00370,P41145
DB00396,P41145
DB00454,P41145
DB00497,P41145
DB00514,P41145
DB00555,P41145
DB00611,P41145
DB00647,P41145
DB00652,P41145
DB00704,P41145
DB00708,P41145
DB00813,P41145
DB00825,P41145
DB00836,P41145
DB00844,P41145
DB00854,P41145
DB00899,P41145
DB00921,P41145
DB01183,P41145
DB01221,P41145
DB01452,P41145
DB01497,P41145
DB01535,P41145
DB01548,P41145
DB01571,P41145
DB00921,P41146
DB01497,P41146
DB00127,P41180
DB00994,P41180
DB01012,P41180
DB04786,P41231
DB01254,P41240
DB02010,P41240
DB00145,P41250
DB00659,P41594
DB00216,P41595
DB00247,P41595
DB00248,P41595
DB00320,P41595
DB00353,P41595
DB00477,P41595
DB00508,P41595
DB00543,P41595
DB00574,P41595
DB00589,P41595
DB00696,P41595
DB00714,P41595
DB00805,P41595
DB01079,P41595
DB01142,P41595
DB01186,P41595
DB01200,P41595
DB01221,P41595
DB01239,P41595
DB01242,P41595
DB01392,P41595
DB01454,P41595
DB04829,P41595
DB00675,P41743
DB00098,P42081
DB03127,P42126
DB00228,P42261
DB00273,P42261
DB00753,P42261
DB00898,P42261
DB01028,P42261
DB01189,P42261
DB01236,P42261
DB00312,P42262
DB00418,P42262
DB00599,P42262
DB00794,P42262
DB00849,P42262
DB00898,P42262
DB01174,P42262
DB01351,P42262
DB01352,P42262
DB01353,P42262
DB01355,P42262
DB01483,P42262
DB02347,P42262
DB02999,P42262
DB00898,P42263
DB01356,P42263
DB00171,P42336
DB00201,P42336
DB00201,P42338
DB00337,P42345
DB00877,P42345
DB01590,P42345
DB00945,P42574
DB01017,P42574
DB00171,P42684
DB01254,P42684
DB01254,P42685
DB00115,P42898
DB00116,P42898
DB02325,P43026
DB00287,P43088
DB00654,P43088
DB00905,P43088
DB00770,P43116
DB00917,P43116
DB00929,P43116
DB00374,P43119
DB01088,P43119
DB01240,P43119
DB00583,P43155
DB00311,P43166
DB00703,P43166
DB00819,P43166
DB00909,P43166
DB01144,P43166
DB00040,P43220
DB01276,P43220
DB02679,P43235
DB02010,P43403
DB02010,P43405
DB00184,P43681
DB00312,P43681
DB00418,P43681
DB00514,P43681
DB00564,P43681
DB00572,P43681
DB00599,P43681
DB00657,P43681
DB00674,P43681
DB00747,P43681
DB00753,P43681
DB00783,P43681
DB00794,P43681
DB00849,P43681
DB00898,P43681
DB00915,P43681
DB00981,P43681
DB01174,P43681
DB01245,P43681
DB01273,P43681
DB01351,P43681
DB01352,P43681
DB01353,P43681
DB01355,P43681
DB01483,P43681
DB01593,P45381
DB00786,P45452
DB01996,P45452
DB00171,P45844
DB01375,P45880
DB00313,P45954
DB00415,P46059
DB00417,P46059
DB00493,P46059
DB00713,P46059
DB01053,P46059
DB01212,P46059
DB03793,P46059
DB00246,P46098
DB00333,P46098
DB00334,P46098
DB00363,P46098
DB00377,P46098
DB00408,P46098
DB00543,P46098
DB00555,P46098
DB00604,P46098
DB00721,P46098
DB00726,P46098
DB00728,P46098
DB00757,P46098
DB00889,P46098
DB00898,P46098
DB00904,P46098
DB00969,P46098
DB00988,P46098
DB01043,P46098
DB01156,P46098
DB01161,P46098
DB01199,P46098
DB01221,P46098
DB01224,P46098
DB01233,P46098
DB01238,P46098
DB00143,P46439
DB01065,P46597
DB00178,P46663
DB01593,P46663
DB01045,P46721
DB01593,P46736
DB02379,P46926
DB01593,P46939
DB03435,P46976
DB00588,P47712
DB01103,P47712
DB00186,P47870
DB00189,P47870
DB00228,P47870
DB00231,P47870
DB00273,P47870
DB00292,P47870
DB00312,P47870
DB00349,P47870
DB00371,P47870
DB00395,P47870
DB00402,P47870
DB00404,P47870
DB00475,P47870
DB00543,P47870
DB00546,P47870
DB00555,P47870
DB00659,P47870
DB00690,P47870
DB00753,P47870
DB00794,P47870
DB00801,P47870
DB00818,P47870
DB00829,P47870
DB00842,P47870
DB00897,P47870
DB00898,P47870
DB01028,P47870
DB01043,P47870
DB01068,P47870
DB01159,P47870
DB01189,P47870
DB01205,P47870
DB01215,P47870
DB01236,P47870
DB01437,P47870
DB01558,P47870
DB01559,P47870
DB01588,P47870
DB01589,P47870
DB01595,P47870
DB01708,P47870
DB01956,P47870
DB00040,P47871
DB00408,P47898
DB00035,P47901
DB00067,P47901
DB02638,P47901
DB02379,P47929
DB00437,P47989
DB00583,P47989
DB03147,P47989
DB03516,P47989
DB00148,P48029
DB00980,P48039
DB01065,P48039
DB02709,P48039
DB00217,P48048
DB00222,P48048
DB00350,P48048
DB00414,P48048
DB01124,P48048
DB01392,P48048
DB01136,P48050
DB00898,P48051
DB01159,P48051
DB00898,P48058
DB00145,P48067
DB03535,P48147
DB03864,P48147
DB00157,P48163
DB00145,P48167
DB00228,P48167
DB00431,P48167
DB00186,P48169
DB00189,P48169
DB00228,P48169
DB00231,P48169
DB00273,P48169
DB00292,P48169
DB00312,P48169
DB00334,P48169
DB00349,P48169
DB00371,P48169
DB00402,P48169
DB00404,P48169
DB00418,P48169
DB00475,P48169
DB00543,P48169
DB00555,P48169
DB00599,P48169
DB00659,P48169
DB00683,P48169
DB00690,P48169
DB00753,P48169
DB00794,P48169
DB00801,P48169
DB00818,P48169
DB00829,P48169
DB00842,P48169
DB00849,P48169
DB00897,P48169
DB00898,P48169
DB01028,P48169
DB01043,P48169
DB01068,P48169
DB01159,P48169
DB01189,P48169
DB01205,P48169
DB01215,P48169
DB01236,P48169
DB01351,P48169
DB01352,P48169
DB01353,P48169
DB01355,P48169
DB01437,P48169
DB01483,P48169
DB01544,P48169
DB01558,P48169
DB01588,P48169
DB01589,P48169
DB01595,P48169
DB01708,P48169
DB01956,P48169
DB00157,P48448
DB03696,P48449
DB00151,P48507
DB00898,P48544
DB01016,P48544
DB00289,P48549
DB00898,P48549
DB01159,P48549
DB00008,P48551
DB00011,P48551
DB00022,P48551
DB00069,P48551
DB00143,P48637
DB00145,P48637
DB00151,P48637
DB03408,P48637
DB00116,P48728
DB00157,P48728
DB04789,P48728
DB02010,P48736
DB02375,P48736
DB02656,P48736
DB04216,P48736
DB00627,P49019
DB00091,P49069
DB02010,P49137
DB00847,P49146
DB00157,P49189
DB00980,P49286
DB01065,P49286
DB02709,P49286
DB01034,P49327
DB01083,P49327
DB03496,P49336
DB01593,P49411
DB04315,P49411
DB00157,P49419
DB00157,P49448
DB00122,P49585
DB00151,P49589
DB01373,P49747
DB00131,P49773
DB00755,P49788
DB04173,P49789
DB00157,P49821
DB01356,P49841
DB01950,P49841
DB02010,P49841
DB02052,P49841
DB04014,P49841
DB01176,P49888
DB00171,P49902
DB00811,P49902
DB01593,P49908
DB00290,P49916
DB00613,P50135
DB01752,P50135
DB00157,P50213
DB04417,P50225
DB00786,P50281
DB00246,P50406
DB00321,P50406
DB00334,P50406
DB00363,P50406
DB00408,P50406
DB00458,P50406
DB00477,P50406
DB00540,P50406
DB00543,P50406
DB01142,P50406
DB01224,P50406
DB01238,P50406
DB01488,P50406
DB04829,P50406
DB00583,P50416
DB01016,P50416
DB01074,P50416
DB00145,P50440
DB00481,P50453
DB03496,P50613
DB00121,P50747
DB03496,P50750
DB03796,P50897
DB01092,P50993
DB04315,P51149
DB03793,P51151
DB04315,P51151
DB00201,P51160
DB02659,P51161
DB02691,P51161
DB04348,P51161
DB00384,P51168
DB00594,P51168
DB00384,P51170
DB00594,P51170
DB00786,P51511
DB00786,P51512
DB03880,P51512
DB00157,P51553
DB01250,P51580
DB00141,P51606
DB00157,P51648
DB00139,P51649
DB00157,P51649
DB00313,P51649
DB04835,P51681
DB01254,P51692
DB01593,P51693
DB01244,P51787
DB01046,P51788
DB00945,P51812
DB00755,P51843
DB01234,P51843
DB00548,P51857
DB01216,P51857
DB00157,P51970
DB00789,P52209
DB00851,P52209
DB00920,P52209
DB04331,P52732
DB03793,P52758
DB00127,P52788
DB00157,P53004
DB00171,P53041
DB00139,P53597
DB00119,P53985
DB00206,P54219
DB00368,P54219
DB01577,P54219
DB00153,P54284
DB00243,P54284
DB00381,P54284
DB00393,P54284
DB00421,P54284
DB00661,P54284
DB00825,P54284
DB01388,P54284
DB00153,P54289
DB00230,P54289
DB00270,P54289
DB00308,P54289
DB00381,P54289
DB00401,P54289
DB00421,P54289
DB00622,P54289
DB00653,P54289
DB00996,P54289
DB01023,P54289
DB01054,P54289
DB01115,P54289
DB04838,P54289
DB02709,P54577
DB00945,P54619
DB00945,P54646
DB04216,P54652
DB00114,P54687
DB00606,P54710
DB00201,P54750
DB00622,P54750
DB01023,P54750
DB01244,P54750
DB01254,P54760
DB00141,P54802
DB00214,P55011
DB00761,P55011
DB00887,P55011
DB00131,P55263
DB03147,P55789
DB00139,P55809
DB00157,P56181
DB00242,P56282
DB01593,P56524
DB00157,P56556
DB00157,P56937
DB01159,P59768
DB00143,P59796
DB01593,P60174
DB00852,P60568
DB01327,P60568
DB04216,P60709
DB00083,P60880
DB04315,P60953
DB00472,P61024
DB00452,P61073
DB00847,P61278
DB04400,P61457
DB04137,P61587
DB02772,P61626
DB03175,P61626
DB03967,P61626
DB02740,P61769
DB04707,P61925
DB02745,P62312
DB04272,P62312
DB04315,P62330
DB04315,P62491
DB00197,P62508
DB00255,P62508
DB00675,P62508
DB00783,P62508
DB02659,P62508
DB04468,P62508
DB00083,P62745
DB00091,P62937
DB00337,P62942
DB00864,P62942
DB00877,P62942
DB00514,P63000
DB00993,P63000
DB04315,P63000
DB04315,P63096
DB01750,P63208
DB00831,P63316
DB00922,P63316
DB01023,P63316
DB01244,P63316
DB01373,P63316
DB01375,P63316
DB04513,P63316
DB00171,P67870
DB04216,P67870
DB01593,P68104
DB04315,P68104
DB02772,P68133
DB03021,P68133
DB03616,P68133
DB03010,P68363
DB00541,P68366
DB01179,P68366
DB03010,P68366
DB00518,P68371
DB00643,P68371
DB03010,P68371
DB00171,P68400
DB02709,P68400
DB03127,P68400
DB04216,P68400
DB00893,P68871
DB01593,P68871
DB00358,P69905
DB00893,P69905
DB01592,P69905
DB01593,P69905
DB01593,P78330
DB00186,P78334
DB00189,P78334
DB00228,P78334
DB00231,P78334
DB00273,P78334
DB00292,P78334
DB00312,P78334
DB00349,P78334
DB00371,P78334
DB00402,P78334
DB00404,P78334
DB00475,P78334
DB00543,P78334
DB00546,P78334
DB00555,P78334
DB00659,P78334
DB00690,P78334
DB00753,P78334
DB00794,P78334
DB00801,P78334
DB00818,P78334
DB00829,P78334
DB00842,P78334
DB00897,P78334
DB00898,P78334
DB01028,P78334
DB01043,P78334
DB01068,P78334
DB01159,P78334
DB01189,P78334
DB01205,P78334
DB01215,P78334
DB01236,P78334
DB01437,P78334
DB01558,P78334
DB01559,P78334
DB01588,P78334
DB01589,P78334
DB01595,P78334
DB01708,P78334
DB01956,P78334
DB00586,P78348
DB00594,P78348
DB00536,P78352
DB00173,P78362
DB03693,P78368
DB04604,P78368
DB00143,P78417
DB01392,P78508
DB00201,P78527
DB01196,P78559
DB03088,P80075
DB01672,P80188
DB00157,P80365
DB00741,P80365
DB01185,P80365
DB00114,P80404
DB00119,P80404
DB00780,P80404
DB01080,P80404
DB00768,P80511
DB01025,P80511
DB01593,P81605
DB00138,P82251
DB04137,P84077
DB04315,P84077
DB00945,P98066
DB00798,P98164
DB04209,P98170
DB01017,P99999
DB00118,Q00266
DB03496,Q00534
DB02052,Q00535
DB02116,Q00535
DB02950,Q00535
DB03496,Q00535
DB04014,Q00535
DB01296,Q00653
DB00157,Q00796
DB01373,Q01082
DB00313,Q01118
DB00153,Q01668
DB00243,Q01668
DB00270,Q01668
DB00381,Q01668
DB00393,Q01668
DB00401,Q01668
DB00421,Q01668
DB00568,Q01668
DB00622,Q01668
DB00661,Q01668
DB00825,Q01668
DB00898,Q01668
DB01023,Q01668
DB01054,Q01668
DB01115,Q01668
DB01388,Q01668
DB01284,Q01718
DB01285,Q01718
DB00182,Q01959
DB00191,Q01959
DB00245,Q01959
DB00285,Q01959
DB00408,Q01959
DB00422,Q01959
DB00454,Q01959
DB00458,Q01959
DB00476,Q01959
DB00543,Q01959
DB00579,Q01959
DB00721,Q01959
DB00726,Q01959
DB00745,Q01959
DB00830,Q01959
DB00852,Q01959
DB00865,Q01959
DB00907,Q01959
DB00937,Q01959
DB00988,Q01959
DB01104,Q01959
DB01105,Q01959
DB01114,Q01959
DB01146,Q01959
DB01149,Q01959
DB01156,Q01959
DB01161,Q01959
DB01454,Q01959
DB01472,Q01959
DB01576,Q01959
DB01577,Q01959
DB03701,Q01959
DB04821,Q01959
DB01097,Q02127
DB01117,Q02127
DB02262,Q02127
DB03247,Q02127
DB00675,Q02156
DB02659,Q02221
DB00157,Q02252
DB00157,Q02338
DB00153,Q02641
DB00243,Q02641
DB00308,Q02641
DB00381,Q02641
DB00393,Q02641
DB00421,Q02641
DB00653,Q02641
DB00661,Q02641
DB00825,Q02641
DB00898,Q02641
DB01388,Q02641
DB00415,Q02763
DB00126,Q02809
DB00139,Q02809
DB01411,Q02817
DB00380,Q02880
DB00694,Q02880
DB00773,Q02880
DB00970,Q02880
DB00157,Q02928
DB00143,Q03013
DB04132,Q03013
DB00132,Q03181
DB00159,Q03181
DB00197,Q03181
DB00313,Q03181
DB00374,Q03181
DB00412,Q03181
DB00605,Q03181
DB01039,Q03181
DB01132,Q03181
DB01393,Q03181
DB02746,Q03181
DB04224,Q03181
DB03886,Q03393
DB03088,Q03403
DB00675,Q04759
DB02010,Q04759
DB00143,Q04760
DB00328,Q04760
DB03345,Q04760
DB04132,Q04760
DB00171,Q04771
DB00157,Q04828
DB00936,Q04828
DB00945,Q04828
DB03467,Q04828
DB00674,Q04844
DB02967,Q05315
DB00675,Q05513
DB00289,Q05586
DB00312,Q05586
DB00418,Q05586
DB00454,Q05586
DB00659,Q05586
DB00874,Q05586
DB00996,Q05586
DB01043,Q05586
DB01173,Q05586
DB01174,Q05586
DB01708,Q05586
DB00675,Q05655
DB00184,Q05901
DB00674,Q05901
DB00898,Q05901
DB00293,Q05932
DB00182,Q05940
DB00206,Q05940
DB00368,Q05940
DB00502,Q05940
DB00579,Q05940
DB00865,Q05940
DB00988,Q05940
DB01364,Q05940
DB01454,Q05940
DB01472,Q05940
DB01576,Q05940
DB01577,Q05940
DB04821,Q05940
DB04844,Q05940
DB01593,Q06033
DB01254,Q06187
DB01863,Q06187
DB01033,Q06203
DB01254,Q06203
DB03516,Q06278
DB00153,Q06432
DB00308,Q06432
DB00343,Q06432
DB00381,Q06432
DB00421,Q06432
DB00528,Q06432
DB00653,Q06432
DB00898,Q06432
DB01054,Q06432
DB04842,Q06432
DB01593,Q06481
DB01708,Q06520
DB02854,Q06520
DB01593,Q06830
DB00674,Q07001
DB00131,Q07343
DB00201,Q07343
DB00277,Q07343
DB00651,Q07343
DB00806,Q07343
DB00824,Q07343
DB01088,Q07343
DB01113,Q07343
DB01412,Q07343
DB01427,Q07343
DB01656,Q07343
DB01791,Q07343
DB01954,Q07343
DB00252,Q07699
DB00313,Q07699
DB00909,Q07699
DB00242,Q07864
DB00132,Q07869
DB00159,Q07869
DB00197,Q07869
DB00313,Q07869
DB00328,Q07869
DB00412,Q07869
DB00573,Q07869
DB00636,Q07869
DB01039,Q07869
DB01050,Q07869
DB01132,Q07869
DB01241,Q07869
DB01393,Q07869
DB01708,Q07869
DB02266,Q07869
DB02709,Q07869
DB02746,Q07869
DB03193,Q07869
DB03796,Q07869
DB04224,Q07869
DB04557,Q07869
DB00031,Q07954
DB04315,Q08188
DB00266,Q08257
DB00153,Q08289
DB00243,Q08289
DB00270,Q08289
DB00381,Q08289
DB00393,Q08289
DB00401,Q08289
DB00421,Q08289
DB00622,Q08289
DB00653,Q08289
DB00661,Q08289
DB00825,Q08289
DB01023,Q08289
DB01054,Q08289
DB01115,Q08289
DB01388,Q08289
DB00157,Q08426
DB02587,Q08462
DB00201,Q08493
DB00651,Q08493
DB01088,Q08493
DB01656,Q08493
DB01791,Q08493
DB00131,Q08499
DB00201,Q08499
DB00651,Q08499
DB01088,Q08499
DB01656,Q08499
DB01791,Q08499
DB01954,Q08499
DB02010,Q08881
DB00171,Q09428
DB00222,Q09428
DB00672,Q09428
DB00731,Q09428
DB00839,Q09428
DB00912,Q09428
DB01016,Q09428
DB01067,Q09428
DB01120,Q09428
DB01124,Q09428
DB01251,Q09428
DB01252,Q09428
DB00228,Q09470
DB00321,Q09470
DB00753,Q09470
DB01028,Q09470
DB01115,Q09470
DB01189,Q09470
DB01236,Q09470
DB01593,Q0VD83
DB02701,Q10588
DB03227,Q10588
DB00176,Q12809
DB00199,Q12809
DB00204,Q12809
DB00276,Q12809
DB00280,Q12809
DB00308,Q12809
DB00342,Q12809
DB00346,Q12809
DB00455,Q12809
DB00457,Q12809
DB00458,Q12809
DB00472,Q12809
DB00477,Q12809
DB00489,Q12809
DB00537,Q12809
DB00590,Q12809
DB00604,Q12809
DB00637,Q12809
DB00661,Q12809
DB00675,Q12809
DB00679,Q12809
DB00908,Q12809
DB01026,Q12809
DB01035,Q12809
DB01074,Q12809
DB01100,Q12809
DB01110,Q12809
DB01118,Q12809
DB01136,Q12809
DB01142,Q12809
DB01149,Q12809
DB01162,Q12809
DB01182,Q12809
DB01195,Q12809
DB01211,Q12809
DB01218,Q12809
DB01244,Q12809
DB00145,Q12879
DB00289,Q12879
DB00312,Q12879
DB00418,Q12879
DB00454,Q12879
DB00659,Q12879
DB00874,Q12879
DB00949,Q12879
DB00996,Q12879
DB01043,Q12879
DB01159,Q12879
DB01174,Q12879
DB01520,Q12879
DB01708,Q12879
DB03147,Q12882
DB03247,Q12882
DB03419,Q12882
DB03516,Q12882
DB00312,Q13002
DB00418,Q13002
DB00599,Q13002
DB00794,Q13002
DB00849,Q13002
DB01174,Q13002
DB01351,Q13002
DB01352,Q13002
DB01353,Q13002
DB01355,Q13002
DB01483,Q13002
DB02852,Q13002
DB02999,Q13002
DB00121,Q13085
DB00173,Q13126
DB02281,Q13126
DB02282,Q13126
DB00131,Q13131
DB00171,Q13131
DB00914,Q13131
DB00945,Q13131
DB00139,Q13183
DB00289,Q13224
DB00312,Q13224
DB00418,Q13224
DB00454,Q13224
DB00502,Q13224
DB00659,Q13224
DB00874,Q13224
DB00949,Q13224
DB00996,Q13224
DB01043,Q13224
DB01174,Q13224
DB01520,Q13224
DB01708,Q13224
DB01956,Q13224
DB02325,Q13231
DB00716,Q13258
DB00201,Q13315
DB01942,Q13363
DB00201,Q13370
DB00122,Q13393
DB04707,Q13464
DB03010,Q13509
DB01169,Q13547
DB01593,Q13547
DB02546,Q13547
DB00171,Q13564
DB00214,Q13621
DB00232,Q13621
DB00310,Q13621
DB00695,Q13621
DB00761,Q13621
DB00887,Q13621
DB00903,Q13621
DB02925,Q13621
DB00157,Q13630
DB00604,Q13639
DB00904,Q13639
DB01079,Q13639
DB01233,Q13639
DB03010,Q13748
DB02325,Q13838
DB01785,Q13907
DB00201,Q13946
DB00651,Q13946
DB00203,Q13956
DB00862,Q13956
DB00145,Q14032
DB00851,Q14181
DB01097,Q14289
DB01645,Q14289
DB00145,Q14330
DB00148,Q14353
DB00536,Q14353
DB01752,Q14353
DB00201,Q14432
DB00235,Q14432
DB00261,Q14432
DB00277,Q14432
DB00922,Q14432
DB01166,Q14432
DB01223,Q14432
DB01427,Q14432
DB00204,Q14500
DB01392,Q14500
DB00857,Q14534
DB01091,Q14534
DB03796,Q14541
DB00201,Q14571
DB00201,Q14573
DB00201,Q14643
DB00222,Q14654
DB00308,Q14654
DB00661,Q14654
DB00839,Q14654
DB00922,Q14654
DB01016,Q14654
DB01119,Q14654
DB01154,Q14654
DB01392,Q14654
DB00118,Q14749
DB00145,Q14749
DB01752,Q14749
DB04272,Q14749
DB04066,Q14914
DB00997,Q14978
DB00366,Q14994
DB00737,Q14994
DB00836,Q14994
DB01026,Q14994
DB01620,Q14994
DB01708,Q14994
DB02709,Q14994
DB04540,Q14994
DB04824,Q14994
DB03147,Q15067
DB02052,Q15078
DB00514,Q15080
DB01103,Q15111
DB03758,Q15120
DB03760,Q15120
DB00675,Q15125
DB00277,Q15155
DB00523,Q15238
DB00627,Q15274
DB04137,Q15382
DB04315,Q15382
DB04216,Q15393
DB04751,Q15418
DB00255,Q15596
DB00783,Q15596
DB01645,Q15596
DB02998,Q15596
DB00157,Q15738
DB01645,Q15788
DB00157,Q15800
DB00184,Q15822
DB00411,Q15822
DB00416,Q15822
DB00472,Q15822
DB00483,Q15822
DB00514,Q15822
DB00565,Q15822
DB00657,Q15822
DB00674,Q15822
DB00721,Q15822
DB00728,Q15822
DB00732,Q15822
DB00810,Q15822
DB00898,Q15822
DB01135,Q15822
DB01199,Q15822
DB01226,Q15822
DB01245,Q15822
DB01337,Q15822
DB01338,Q15822
DB01339,Q15822
DB00184,Q15825
DB00674,Q15825
DB00898,Q15825
DB01273,Q15825
DB00914,Q15842
DB00922,Q15842
DB01016,Q15842
DB01154,Q15842
DB01251,Q15842
DB01392,Q15842
DB00281,Q15858
DB00313,Q15858
DB00909,Q15858
DB00415,Q16348
DB00493,Q16348
DB00713,Q16348
DB01053,Q16348
DB00186,Q16445
DB00189,Q16445
DB00228,Q16445
DB00231,Q16445
DB00273,Q16445
DB00292,Q16445
DB00312,Q16445
DB00334,Q16445
DB00349,Q16445
DB00371,Q16445
DB00402,Q16445
DB00404,Q16445
DB00418,Q16445
DB00475,Q16445
DB00543,Q16445
DB00555,Q16445
DB00599,Q16445
DB00659,Q16445
DB00683,Q16445
DB00690,Q16445
DB00753,Q16445
DB00794,Q16445
DB00801,Q16445
DB00818,Q16445
DB00829,Q16445
DB00842,Q16445
DB00849,Q16445
DB00897,Q16445
DB00898,Q16445
DB01028,Q16445
DB01043,Q16445
DB01068,Q16445
DB01159,Q16445
DB01189,Q16445
DB01205,Q16445
DB01215,Q16445
DB01236,Q16445
DB01351,Q16445
DB01352,Q16445
DB01353,Q16445
DB01355,Q16445
DB01437,Q16445
DB01483,Q16445
DB01544,Q16445
DB01558,Q16445
DB01588,Q16445
DB01589,Q16445
DB01595,Q16445
DB01708,Q16445
DB01956,Q16445
DB00594,Q16515
DB00721,Q16558
DB01110,Q16558
DB00182,Q16568
DB01592,Q16595
DB00321,Q16620
DB00812,Q16647
DB01240,Q16647
DB00755,Q16654
DB01136,Q16665
DB02342,Q16665
DB00171,Q16671
DB01645,Q16678
DB02342,Q16678
DB03467,Q16678
DB04216,Q16678
DB00114,Q16719
DB00419,Q16739
DB04581,Q16769
DB00143,Q16772
DB00143,Q16775
DB00909,Q16790
DB00157,Q16795
DB03147,Q16795
DB00157,Q16798
DB00780,Q16853
DB01275,Q16853
DB00143,Q16873
DB04493,Q16877
DB00151,Q16878
DB00157,Q16878
DB01169,Q16881
DB03147,Q16881
DB03566,Q16881
DB04106,Q16881
DB00482,Q2M3G0
DB00126,Q32P28
DB00139,Q32P28
DB00493,Q4U2R8
DB01032,Q4U2R8
DB01212,Q4U2R8
DB00606,Q6FHJ7
DB00790,Q6FHJ7
DB00145,Q6IB77
DB02379,Q6L8H2
DB00126,Q6N063
DB00126,Q6NS38
DB00162,Q6NUM9
DB01852,Q6NUS8
DB04216,Q6NUS8
DB04216,Q6NVY1
DB04315,Q6NXR0
DB02379,Q6UWM7
DB00523,Q6V0L0
DB00755,Q6V0L0
DB01159,Q6W5P4
DB00114,Q6WRI0
DB00114,Q6YP21
DB00157,Q6ZMR3
DB00114,Q6ZQY3
DB02379,Q701N4
DB03088,Q701N4
DB00518,Q71U36
DB00570,Q71U36
DB00643,Q71U36
DB03010,Q71U36
DB01202,Q7L0J3
DB00242,Q7LG56
DB00143,Q7RTV2
DB00168,Q7RTX0
DB00145,Q7Z2H8
DB00825,Q7Z2W7
DB01744,Q7Z2W7
DB03619,Q7Z2Z2
DB04315,Q7Z2Z2
DB02379,Q7Z4J2
DB03435,Q7Z4J2
DB04465,Q7Z4J2
DB02325,Q7Z4W1
DB00277,Q7Z5B4
DB02709,Q86T13
DB01752,Q86VU5
DB00721,Q86W47
DB01110,Q86W47
DB00157,Q86Y39
DB03147,Q86YB8
DB01593,Q86YZ3
DB00114,Q8IUZ5
DB00115,Q8IVH4
DB00200,Q8IVH4
DB00126,Q8IVL5
DB00139,Q8IVL5
DB00126,Q8IVL6
DB00139,Q8IVL6
DB00313,Q8IWT1
DB00909,Q8IWT1
DB00114,Q8IYQ7
DB00153,Q8IZS8
DB00381,Q8IZS8
DB00421,Q8IZS8
DB00170,Q8N0U8
DB00786,Q8N119
DB04137,Q8N142
DB04315,Q8N142
DB04566,Q8N142
DB00186,Q8N1C3
DB00189,Q8N1C3
DB00228,Q8N1C3
DB00231,Q8N1C3
DB00273,Q8N1C3
DB00292,Q8N1C3
DB00312,Q8N1C3
DB00334,Q8N1C3
DB00349,Q8N1C3
DB00371,Q8N1C3
DB00402,Q8N1C3
DB00404,Q8N1C3
DB00475,Q8N1C3
DB00543,Q8N1C3
DB00546,Q8N1C3
DB00555,Q8N1C3
DB00659,Q8N1C3
DB00690,Q8N1C3
DB00753,Q8N1C3
DB00794,Q8N1C3
DB00801,Q8N1C3
DB00818,Q8N1C3
DB00829,Q8N1C3
DB00842,Q8N1C3
DB00897,Q8N1C3
DB00898,Q8N1C3
DB01028,Q8N1C3
DB01043,Q8N1C3
DB01068,Q8N1C3
DB01159,Q8N1C3
DB01189,Q8N1C3
DB01205,Q8N1C3
DB01215,Q8N1C3
DB01236,Q8N1C3
DB01437,Q8N1C3
DB01558,Q8N1C3
DB01559,Q8N1C3
DB01588,Q8N1C3
DB01589,Q8N1C3
DB01595,Q8N1C3
DB01708,Q8N1C3
DB01956,Q8N1C3
DB00118,Q8N1G2
DB00909,Q8N1Q1
DB00126,Q8N543
DB00114,Q8N5Z0
DB00328,Q8N8N7
DB00583,Q8N8R3
DB01593,Q8N907
DB00042,Q8N9I0
DB00162,Q8NBN7
DB00132,Q8NER1
DB00159,Q8NER1
DB00168,Q8NER1
DB00316,Q8NER1
DB01744,Q8NER1
DB02955,Q8NER1
DB00825,Q8NET8
DB01744,Q8NET8
DB00755,Q8NFJ5
DB01373,Q8TAB3
DB00162,Q8TC12
DB00493,Q8TCC7
DB01032,Q8TCC7
DB01053,Q8TCC7
DB01212,Q8TCC7
DB00122,Q8TCT1
DB00193,Q8TCU5
DB00289,Q8TCU5
DB00312,Q8TCU5
DB00333,Q8TCU5
DB00392,Q8TCU5
DB00418,Q8TCU5
DB00514,Q8TCU5
DB00659,Q8TCU5
DB00721,Q8TCU5
DB00874,Q8TCU5
DB00898,Q8TCU5
DB00915,Q8TCU5
DB00949,Q8TCU5
DB00996,Q8TCU5
DB01043,Q8TCU5
DB01159,Q8TCU5
DB01161,Q8TCU5
DB01173,Q8TCU5
DB01174,Q8TCU5
DB01221,Q8TCU5
DB01520,Q8TCU5
DB01708,Q8TCU5
DB03575,Q8TCU5
DB00114,Q8TD30
DB00780,Q8TD30
DB00257,Q8TDS4
DB00627,Q8TDS4
DB02659,Q8TDU6
DB03619,Q8TDU6
DB00168,Q8TE23
DB02772,Q8TE23
DB04604,Q8TF76
DB00145,Q8WU03
DB03754,Q8WVQ1
DB00139,Q8WWT9
DB00898,Q8WXA8
DB00852,Q8WYK2
DB00157,Q92506
DB01254,Q92570
DB00255,Q92731
DB00286,Q92731
DB00396,Q92731
DB00481,Q92731
DB00655,Q92731
DB00675,Q92731
DB00783,Q92731
DB01108,Q92731
DB01196,Q92731
DB01428,Q92731
DB01645,Q92731
DB01708,Q92731
DB01878,Q92731
DB02746,Q92731
DB02757,Q92731
DB03467,Q92731
DB04216,Q92731
DB04468,Q92731
DB04573,Q92731
DB04574,Q92731
DB00227,Q92769
DB00277,Q92769
DB00313,Q92769
DB01223,Q92769
DB02546,Q92769
DB00157,Q92781
DB00162,Q92781
DB00898,Q92806
DB03127,Q92876
DB00171,Q92887
DB01138,Q92887
DB04315,Q92930
DB02709,Q92945
DB03147,Q92947
DB00721,Q92952
DB01110,Q92952
DB00134,Q93088
DB04272,Q93088
DB00098,Q95460
DB00140,Q969G6
DB03247,Q969G6
DB00145,Q969I3
DB00762,Q969P6
DB01030,Q969P6
DB01592,Q969S2
DB00114,Q96A70
DB03945,Q96BH3
DB00116,Q96DP5
DB00114,Q96EN8
DB00200,Q96EY8
DB01592,Q96FI4
DB03754,Q96FI4
DB00171,Q96G91
DB00114,Q96GA7
DB00114,Q96GD0
DB03345,Q96GD3
DB04703,Q96GD4
DB00139,Q96I99
DB04315,Q96KC2
DB00126,Q96KS0
DB00091,Q96LZ3
DB00162,Q96NR8
DB01593,Q96PD5
DB00171,Q96Q40
DB00126,Q96Q83
DB01032,Q96RD7
DB00132,Q96RI1
DB01586,Q96RI1
DB02509,Q96RI1
DB02545,Q96RI1
DB02659,Q96RI1
DB03619,Q96RI1
DB04348,Q96RI1
DB04557,Q96RI1
DB00182,Q96RJ0
DB01255,Q96RJ0
DB01576,Q96RJ0
DB01577,Q96RJ0
DB03147,Q96RQ9
DB04166,Q96RQ9
DB04272,Q96RQ9
DB01138,Q96S37
DB00143,Q96SL4
DB00480,Q96SW2
DB01041,Q96SW2
DB03227,Q96T66
DB00019,Q99062
DB00313,Q99250
DB00555,Q99250
DB00818,Q99250
DB00909,Q99250
DB00114,Q99259
DB01863,Q99418
DB01942,Q99418
DB00400,Q99456
DB00198,Q99519
DB00783,Q99527
DB01645,Q99527
DB00786,Q99542
DB00768,Q99584
DB01025,Q99584
DB01164,Q99584
DB01373,Q99584
DB00139,Q99643
DB00502,Q99705
DB00115,Q99707
DB00116,Q99707
DB00134,Q99707
DB00200,Q99707
DB01392,Q99712
DB00157,Q99714
DB00321,Q99720
DB00409,Q99720
DB00514,Q99720
DB00540,Q99720
DB00652,Q99720
DB00907,Q99720
DB01104,Q99720
DB01488,Q99720
DB01708,Q99720
DB03575,Q99720
DB00143,Q99735
DB00197,Q99808
DB00898,Q99808
DB00277,Q99829
DB01047,Q99835
DB00186,Q99928
DB00189,Q99928
DB00228,Q99928
DB00231,Q99928
DB00273,Q99928
DB00292,Q99928
DB00312,Q99928
DB00334,Q99928
DB00349,Q99928
DB00371,Q99928
DB00402,Q99928
DB00404,Q99928
DB00475,Q99928
DB00543,Q99928
DB00546,Q99928
DB00555,Q99928
DB00659,Q99928
DB00690,Q99928
DB00753,Q99928
DB00794,Q99928
DB00801,Q99928
DB00818,Q99928
DB00829,Q99928
DB00842,Q99928
DB00897,Q99928
DB00898,Q99928
DB01028,Q99928
DB01043,Q99928
DB01068,Q99928
DB01159,Q99928
DB01189,Q99928
DB01205,Q99928
DB01215,Q99928
DB01236,Q99928
DB01437,Q99928
DB01558,Q99928
DB01559,Q99928
DB01588,Q99928
DB01589,Q99928
DB01595,Q99928
DB01708,Q99928
DB01956,Q99928
DB00170,Q9BQB6
DB00266,Q9BQB6
DB00498,Q9BQB6
DB00682,Q9BQB6
DB00946,Q9BQB6
DB01418,Q9BQB6
DB00162,Q9BTZ2
DB02325,Q9BV57
DB01942,Q9BVM4
DB02379,Q9BW91
DB00139,Q9BXA5
DB00200,Q9BXJ7
DB04272,Q9BY32
DB01592,Q9BY41
DB01593,Q9BY41
DB02546,Q9BY41
DB00173,Q9BY49
DB00126,Q9BY66
DB00139,Q9BYC2
DB00691,Q9BYF1
DB00114,Q9BYV1
DB00119,Q9BYV1
DB00145,Q9BYV1
DB00157,Q9BYZ2
DB00151,Q9BZV2
DB00139,Q9BZW2
DB02097,Q9BZX2
DB02431,Q9BZX2
DB04005,Q9BZX2
DB04272,Q9BZX2
DB02379,Q9BZZ2
DB00132,Q9GZR5
DB00126,Q9GZT9
DB01592,Q9GZT9
DB04272,Q9GZU7
DB00184,Q9GZZ6
DB00202,Q9GZZ6
DB00333,Q9GZZ6
DB00674,Q9GZZ6
DB00898,Q9GZZ6
DB01090,Q9GZZ6
DB01116,Q9GZZ6
DB01161,Q9GZZ6
DB00583,Q9H015
DB04825,Q9H1R3
DB00208,Q9H244
DB00374,Q9H244
DB00758,Q9H244
DB01240,Q9H244
DB00134,Q9H2M3
DB01752,Q9H2P9
DB00721,Q9H2S1
DB01110,Q9H2S1
DB00761,Q9H2X9
DB00887,Q9H2X9
DB00786,Q9H306
DB00321,Q9H3N8
DB00363,Q9H3N8
DB00408,Q9H3N8
DB00477,Q9H3N8
DB00543,Q9H3N8
DB01142,Q9H3N8
DB00309,Q9H4B7
DB01229,Q9H4B7
DB01248,Q9H4B7
DB01394,Q9H4B7
DB03010,Q9H4B7
DB01863,Q9H4M7
DB00143,Q9H4Y5
DB00145,Q9H598
DB00421,Q9H8P0
DB00151,Q9HA77
DB01440,Q9HAB3
DB04272,Q9HB21
DB04310,Q9HBH1
DB00162,Q9HBH5
DB00118,Q9HBK9
DB00121,Q9HCC0
DB00201,Q9HCR9
DB00820,Q9HCR9
DB00114,Q9HD40
DB00721,Q9NPA1
DB01110,Q9NPA1
DB00561,Q9NPC2
DB01159,Q9NPC2
DB01045,Q9NPD5
DB01211,Q9NPD5
DB01942,Q9NQX3
DB03766,Q9NQX3
DB00131,Q9NR19
DB00171,Q9NR19
DB00242,Q9NR33
DB00608,Q9NR96
DB01611,Q9NR96
DB00724,Q9NR97
DB00786,Q9NRE1
DB00242,Q9NRF9
DB00143,Q9NS18
DB00308,Q9NS40
DB00590,Q9NS40
DB01110,Q9NS40
DB01162,Q9NS40
DB00716,Q9NS75
DB00909,Q9NS85
DB00493,Q9NSA0
DB01032,Q9NSA0
DB01212,Q9NSA0
DB00131,Q9NUB1
DB00171,Q9NUB1
DB00114,Q9NUV7
DB00126,Q9NVH6
DB00139,Q9NVH6
DB00114,Q9NVS9
DB03247,Q9NVS9
DB03345,Q9NVS9
DB00127,Q9NWM0
DB03419,Q9NWZ5
DB04137,Q9NWZ5
DB02701,Q9NXA8
DB04786,Q9NXA8
DB00126,Q9NXG6
DB00252,Q9NY46
DB00313,Q9NY46
DB00909,Q9NY46
DB00153,Q9NY47
DB00270,Q9NY47
DB00381,Q9NY47
DB00421,Q9NY47
DB00996,Q9NY47
DB01023,Q9NY47
DB01054,Q9NY47
DB01118,Q9NY47
DB01244,Q9NY47
DB00755,Q9NY56
DB03010,Q9NY65
DB00313,Q9NY72
DB00909,Q9NY72
DB00724,Q9NYK1
DB01611,Q9NYK1
DB03247,Q9NYQ3
DB01032,Q9NYV7
DB00363,Q9NYX4
DB00714,Q9NYX4
DB00831,Q9NYX4
DB03203,Q9NZD2
DB03600,Q9NZD2
DB04224,Q9NZD2
DB04465,Q9NZD2
DB01592,Q9NZD4
DB00233,Q9NZK7
DB03585,Q9NZK7
DB04725,Q9NZK7
DB04743,Q9NZK7
DB00280,Q9NZV8
DB00458,Q9NZV8
DB00157,Q9P0J0
DB00153,Q9P0X4
DB00381,Q9P0X4
DB00421,Q9P0X4
DB00568,Q9P0X4
DB00617,Q9P0X4
DB00661,Q9P0X4
DB00909,Q9P0X4
DB01388,Q9P0X4
DB04841,Q9P0X4
DB00145,Q9P0Z9
DB03467,Q9P2N6
DB00139,Q9P2R7
DB03435,Q9P2W7
DB00115,Q9UBK8
DB00134,Q9UBK8
DB00200,Q9UBK8
DB00157,Q9UBM7
DB02546,Q9UBN7
DB00181,Q9UBS5
DB00837,Q9UBS5
DB00996,Q9UBS5
DB01080,Q9UBS5
DB01956,Q9UBS5
DB00157,Q9UDR5
DB00945,Q9UGI9
DB00945,Q9UGJ0
DB00184,Q9UGM1
DB00674,Q9UGM1
DB00898,Q9UGM1
DB00126,Q9UHI7
DB03147,Q9UHQ9
DB00761,Q9UHW9
DB00157,Q9UI09
DB00313,Q9UI33
DB00907,Q9UI33
DB00909,Q9UI33
DB00141,Q9UJ70
DB02279,Q9UJM8
DB03247,Q9UJM8
DB00570,Q9UJT0
DB00570,Q9UJT1
DB00903,Q9UJU2
DB00280,Q9UK17
DB00458,Q9UK17
DB00141,Q9UK23
DB00583,Q9UKG9
DB03206,Q9UKM7
DB03088,Q9UKQ2
DB03880,Q9UKQ2
DB03147,Q9UKU7
DB00313,Q9UKV0
DB02315,Q9UL51
DB02527,Q9UL51
DB00819,Q9ULX7
DB00909,Q9ULX7
DB00786,Q9ULZ9
DB00207,Q9UM07
DB00759,Q9UM07
DB01082,Q9UM07
DB00171,Q9UM73
DB01863,Q9UN19
DB00186,Q9UN88
DB00189,Q9UN88
DB00228,Q9UN88
DB00231,Q9UN88
DB00273,Q9UN88
DB00292,Q9UN88
DB00312,Q9UN88
DB00349,Q9UN88
DB00371,Q9UN88
DB00402,Q9UN88
DB00404,Q9UN88
DB00475,Q9UN88
DB00543,Q9UN88
DB00555,Q9UN88
DB00659,Q9UN88
DB00690,Q9UN88
DB00753,Q9UN88
DB00794,Q9UN88
DB00801,Q9UN88
DB00818,Q9UN88
DB00829,Q9UN88
DB00842,Q9UN88
DB00897,Q9UN88
DB00898,Q9UN88
DB01028,Q9UN88
DB01043,Q9UN88
DB01068,Q9UN88
DB01159,Q9UN88
DB01189,Q9UN88
DB01205,Q9UN88
DB01215,Q9UN88
DB01236,Q9UN88
DB01437,Q9UN88
DB01558,Q9UN88
DB01588,Q9UN88
DB01589,Q9UN88
DB01595,Q9UN88
DB01708,Q9UN88
DB01956,Q9UN88
DB03880,Q9UNA0
DB01844,Q9UNI1
DB04327,Q9UNN8
DB00482,Q9UNQ0
DB01392,Q9UNX9
DB00761,Q9UP95
DB00887,Q9UP95
DB00138,Q9UPY5
DB00740,Q9UPY5
DB00795,Q9UPY5
DB00313,Q9UQD0
DB04216,Q9Y230
DB00201,Q9Y233
DB00975,Q9Y233
DB01113,Q9Y233
DB00166,Q9Y234
DB00308,Q9Y257
DB00908,Q9Y257
DB00471,Q9Y271
DB00549,Q9Y271
DB00716,Q9Y271
DB01411,Q9Y271
DB04272,Q9Y275
DB01375,Q9Y277
DB00121,Q9Y289
DB00166,Q9Y289
DB00909,Q9Y2D0
DB00852,Q9Y2D1
DB00697,Q9Y2I1
DB00143,Q9Y2Q3
DB00145,Q9Y345
DB02772,Q9Y3I0
DB00198,Q9Y3R4
DB00558,Q9Y3R4
DB00131,Q9Y478
DB00331,Q9Y478
DB00945,Q9Y478
DB00115,Q9Y4U1
DB00200,Q9Y4U1
DB00171,Q9Y4W6
DB00122,Q9Y5K3
DB00786,Q9Y5R2
DB00328,Q9Y5Y4
DB00605,Q9Y5Y4
DB00770,Q9Y5Y4
DB00917,Q9Y5Y4
DB01088,Q9Y5Y4
DB02056,Q9Y5Y4
DB04828,Q9Y5Y4
DB03127,Q9Y5Y6
DB00281,Q9Y5Y9
DB00296,Q9Y5Y9
DB00297,Q9Y5Y9
DB00313,Q9Y5Y9
DB00527,Q9Y5Y9
DB00645,Q9Y5Y9
DB00721,Q9Y5Y9
DB00807,Q9Y5Y9
DB00892,Q9Y5Y9
DB00907,Q9Y5Y9
DB00961,Q9Y5Y9
DB01002,Q9Y5Y9
DB01086,Q9Y5Y9
DB01161,Q9Y5Y9
DB01173,Q9Y5Y9
DB00114,Q9Y600
DB00151,Q9Y600
DB00114,Q9Y617
DB04272,Q9Y663
DB00761,Q9Y666
DB04315,Q9Y689
DB00493,Q9Y694
DB00114,Q9Y697
DB00151,Q9Y697
DB00898,Q9Y698
DB04315,Q9Y6B6
DB01045,Q9Y6L6
DB01211,Q9Y6L6
DB04751,Q9Y6M4
DB00295,Q9Y6Y9
DB00333,Q9Y6Y9
